,V2,V3,V5,V9,V14,V22,V24,V44,V46,V68,V94,V102,V104,V110,V115,V116,V117,V134,V168,V227,V231,V244,V264,V269,V278,V283,V294,V299,V310,V314,V316,V318,V359,V369,V371,V378,V384,V402,V421,V428,V437,V443,V453,V471,V477,V480,V503,V513,V521,V524,V525,V539,V548,V554,V564,V565,V568,V576,V608,V616,V617,V632,V635,V640,V641,V644,V669,V708,V724,V731,V747,V749,V777,V788,V793,V826,V827,V846,V851,V855,V865,V866,V869,V870,V871,V883,V890,V917,V926,V930,V941,V978,V1000,V1001,V1009,V1010,V1017,V1021,V1022,V1023
1,0,0,0,0,0,0,0,0,0,0,0,0,0,0,0,0,0,0,0,0,0,0,0,0,0,0,0,0,0,0,0,0,0,0,0,0,0,0,0,0,0,0,0,0,0,0,0,0,0,0,0,0,0,0,0,0,0,0,0,-0.0219,0,0,0,-0.0106,0,0,0,0,0,0,0,0,0,0,0,0,0,0,0,0,0,0,0,0,0,0,0,0,0,0,0,0,0,0,0,0,-0.0072,0,0,0
2,0,0,0,0,0,0,0,0,0,0,0,0,0,0,0,0,0,0,0,0,0,0,0,0,0,0,0,0,0,0,0,0,0,0,0,0,0,0,0,0,0,0,0,0,0,0,0,0,0,0,0,0,0,0,0,0,0,0,0,-0.0219,0,0,0,-0.0106,0,0,0,0,0,0,0,0,0,0,0,0,0,0,0,0,0,0,0,0,0,0,0,0,0,0,0,0,0,0,0,0,-0.0072,0,0,0
3,0,0,0,0,0,0,0,0,0,0,0,0,0,0,0,0,0,0,0,0,0,0,0,0,0,0,0,0,0,0,0,0,0,0,0,0,0,0,0,0,0,0,0,0,0,0,0,0,0,0,0,0,0,0,0,0,0,0,0,-0.0219,0,0,0,-0.0106,0,0,0,0,0,0,0,0,0,0,0,0,0,0,0,0,0,0,0,0,0,0,0,0,0,0,0,0,0,0,0,0,-0.0072,0,0,0
4,0,0,0,0,0,0,0,0,0,0,0,0,0,0,0,0,0,0,0,0,0,0,0,0,0,0,0,0,0,0,0,0,0,0,0,0,0,0,0,0,0,0,0,0,0,0,0,0,0,0,0,0,0,0,0,0,0,0,0,-0.0219,0,0,0,-0.0106,0,0,0,0,0,0,0,0,0,0,0,0,0,0,0,0,0,0,0,0,0,0,0,0,0,0,0,0,0,0,0,0,-0.0072,0,0,0
5,0,0,0,0,0,0,0,0,0,0,0,0,0,0,0,0,0,0,0,0,0,0,0,0,0,0,0,0,0,0,0,0,0,0,0,0,0,0,0,0,0,0,0,0,0,0,0,0,0,0,0,0,0,0,0,0,0,0,0,-0.0219,0,0,0,-0.0106,0,0,0,0,0,0,0,0,0,0,0,0,0,0,0,0,0,0,0,0,0,0,0,0,0,0,0,0,0,0,0,0,-0.0072,0,0,0
6,0,0,0,0,0,0,0,0,0,0,0,0,0,0,0,0,0,0,0,0,0,0,0,0,0,0,0,0,0,0,0,0,0,0,0,0,0,0,0,0,0,0,0,0,0,0,0,0,0,0,0,0,0,0,0,0,0,0,0,-0.0219,0,0,0,-0.0106,0,0,0,0,0,0,0,0,0,0,0,0,0,0,0,0,0,0,0,0,0,0,0,0,0,0,0,0,0,0,0,0,-0.0072,0,0,0
7,0,0,0,0,0,0,0,0,0,0,0,0,0,0,0,0,0,0,0,0,0,0,0,0,0,0,0,0,0,0,0,0,0,0,0,0,0,0,0,0,0,0,0,0,0,0,0,0,0,0,0,0,0,0,0,0,0,0,0,-0.0219,0,0,0,-0.0106,0,0,0,0,0,0,0,0,0,0,0,0,0,0,0,0,0,0,0,0,0,0,0,0,0,0,0,0,0,0,0,0,-0.0072,0,0,0
8,0,0,0,0,0,0,0,0,0,0,0,0,0,0,0,0,0,0,0,0,0,0,0,0,0,0,0,0,0,0,0,0,0,0,0,0,0,0,0,0,0,0,0,0,0,0,0,0,0,0,0,0,0,0,0,0,0,0,0,-0.0219,0,0,0,-0.0106,0,0,0,0,0,0,0,0,0,0,0,0,0,0,0,0,0,0,0,0,0,0,0,0,0,0,0,0,0,0,0,0,-0.0072,0,0,0
9,0,0,0,0,0,0,0,0,0,0,0,0,0,0,0,0,0,0,0,0,0,0,0,0,0,0,0,0,0,0,0,0,0,0,0,0,0,0,0,0,0,0,0,0,0,0,0,0,0,0,0,0,0,0,0,0,0,0,0,-0.0219,0,0,0,0,0,0,0,0,0,0,0,0,0,0,0,0,0,0,0,0,0,0,0,0,0,0,0,0,0,0,0,0,0,0,0,0,-0.0072,0,0,0
10,0,0,0,0,0,0,0,0,0,0,0,0,0,0,0,0,0,0,0,0,0,0,0,0,0,0,0,0,0,0,0,0,0,0,0,0,0,0,0,0,0,0,0,0,0,0,0,0,0,0,0,0,0,0,0,0,0,0,0,-0.0219,0,0,0,0,0,0,0,0,0,0,0,0,0,0,0,0,0,0,0,0,0,0,0,0,0,0,0,0,0,0,0,0,0,0,0,0,0,0,0,0
11,0,0,0,0,0,0,0,0,0,0,0,0,0,0,0,0,0,0,0,0,0,0,0,0,0,0,0,0,0,0,0,0,0,0,0,0,0,0,0,0,0,0,0,0,0,0,0,0,0,0,0,0,0,0,0,0,0,0,0,0,0,0,0,0,0,0,0,0,0,0,0,0,0,0,0,0,0,0,0,0,0,0,0,0,0,0,0,0,0,0,0,0,0,0,0,0,0,0,0,0
12,0,0,0,0,0,0,0,0,0,0,0,0,0,0,0,0,0,0,0,0,0,0,0,0,0,0,0,0,0,0,0,0,0,0,0,0,0,0,0,0,0,0,0,0,0,0,0,0,0,0,0,0,0,0,0,0,0,0,0,0,0,0,0,0,0,0,0,0,0,0,0,0,0,0,0,0,0,0,0,0,0,0,0,0,0,0,0,0,0,0,0,0,0,0,0,0,0,0,0,0
13,0,0,0,0,0,0,0,0,0,0,0,0,0,0,0,0,0,0,0,0,0,0,0,0,0,0,0,0,0,0,0,0,0,0,0,0,0,0,0,0,0,0,0,0,0,0,0,0,0,0,0,0,0,0,0,0,0,0,0,0,0,0,0,0,0,0,0,0,0,0,0,0,0,0,0,0,0,0,0,0,0,0,0,0,0,0,0,0,0,0,0,0,0,0,0,0,0,0,0,0
14,0,0,0,0,0,0,0,0,0,0,0,0,0,0,0,0,0,0,0,0,0,0,0,0,0,0,0,0,0,0,0,0,0,0,0,0,0,0,0,0,0,0,0,0,0,0,0,0,0,0,0,0,0,0,0,0,0,0,0,0,0,0,0,0,0,0,0,0,0,0,0,0,0,0,0,0,0,0,0,0,0,0,0,0,0,0,0,0,0,0,0,0,0,0,0,0,0,0,0,0
15,0,0,0,0,0,0,0,0,0,0,0,0,0,0,0,0,0,0,0,0,0,0,0,0,0,0,0,0,0,0,0,0,0,0,0,0,0,0,0,0,0,0,0,0,0,0,0,0,0,0,0,0,0,0,0,0,0,0,0,0,0,0,0,0,0,0,0,0,0,0,0,0,0,0,0,0,0,0,0,0,0,0,0,0,0,0,0,0,0,0,0,0,0,0,0,0,0,0,0,0
16,0,0,0,0,0,0,0,0,0,0,0,0,0,0,0,0,0,0,0,0,0,0,0,0,0,0,0,0,0,0,0,0,0,0,0,0,0,0,0,0,0,0,0,0,0,0,0,0,0,0,0,0,0,0,0,0,0,0,0,0,0,0,0,0,0,0,0,0,0,0,0,0,0,0,0,0,0,0,0,0,0,0,0,0,0,0,0,0,0,0,0,0,0,0,0,0,0,0,0,0
17,0,0,0,0,0,0,0,0,0,0,0,0,0,0,0,0,0,0,0,0,0,0,0,0,0,0,0,0,0,0,0,0,0,0,0,0,0,0,0,0,0,0,0,0,0,0,0,0,0,0,0,0,0,0,0,0,0,0,0,0,0,0,0,0,0,0,0,0,0,0,0,0,0,0,0,0,0,0,0,0,0,0,0,0,0,0,0,0,0,0,0,0,0,0,0,0,0,0,0,0
18,0,0,0,0,0,0,0,0,0,0,0,0,0,0,0,0,0,0,0,0,0,0,0,0,0,0,0,0,0,0,0,0,0,0,0,0,0,0,0,0,0,0,0,0,0,0,0,0,0,0,0,0,0,0,0,0,0,0,0,0,0,0,0,0,0,0,0,0,0,0,0,0,0,0,0,0,0,0,0,0,0,0,0,0,0,0,0,0,0,0,0,0,0,0,0,0,0,0,0,0
19,0,0,0,0,0,0,0,0,0,0,0,0,0,0,0,0,0,0,0,0,0,0,0,0,0,0,0,0,0,0,0,0,0,0,0,0,0,0,0,0,0,0,0,0,0,0,0,0,0,0,0,0,0,0,0,0,0,0,0,0,0,0,0,0,0,0,0,0,0,0,0,0,0,0,0,0,0,0,0,0,0,0,0,0,0,0,0,0,0,0,0,0,0,0,0,0,0,0,0,0
20,0,0,0,0,0,0,0,0,0,0,0,0,0,0,0,0,0,0,0,0,0,0,0,0,0,0,0,0,0,0,0,0,0,0,0,0,0,0,0,0,0,0,0,0,0,0,0,0,0,0,0,0,0,0,0,0,0,0,0,0,0,0,0,0,0,0,0,0,0,0,0,0,0,0,0,0,0,0,0,0,0,0,0,0,0,0,0,0,0,0,0,0,0,0,0,0,0,0,0,0
21,0,0,0,0,0,0,0,0,0,0,0,0,0,0,0,0,0,0,0,0,0,0,0,0,0,0,0,0,0,0,0,0,0,0,0,0,0,0,0,0,0,0,0,0,0,0,0,0,0,0,0,0,0,0,0,0,0,0,0,0,0,0,0,0,0,0,0,0,0,0,0,0,0,0,0,0,0,0,0,0,0,0,0,0,0,0,0,0,0,0,0,0,0,0,0,0,0,0,0,0
22,0,0,0,0,0,0,0,0,0,0,0,0,0,0,0,0,0,0,0,0,0,0,0,0,0,0,0,0,0,0,0,0,0,0,0,0,0,0,0,0,0,0,0,0,0,0,0,0,0,0,0,0,0,0,0,0,0,0,0,0,0,0,0,0,0,0,0,0,0,0,0,0,0,0,0,0,0,0,0,0,0,0,0,0,0,0,0,0,0,0,0,0,0,0,0,0,0,0,0,0
23,0,0,0,0,0,0,0,0,0,0,0,0,0,0,0,0,0,0,0,0,0,0,0,0,0,0,0,0,0,0,0,0,0,0,0,0,0,0,0,0,0,0,0,0,0,0,0,0,0,0,0,0,0,0,0,0,0,0,0,0,0,0,0,0,0,0,0,0,0,0,0,0,0,0,0,0,0,0,0,0,0,0,0,0,0,0,0,0,0,0,0,0,0,0,0,0,0,0,0,0
24,0,0,0,0,0,0,0,0,0,0,0,0,0,0,0,0,0,0,0,0,0,0,0,0,0,0,0,0,0,0,0,0,0,0,0,0,0,0,0,0,0,0,0,0,0,0,0,0,0,0,0,0,0,0,0,0,0,0,0,0,0,0,0,0,0,0,0,0,0,0,0,0,0,0,0,0,0,0,0,0,0,0,0,0,0,0,0,0,0,0,0,0,0,0,0,0,0,0,0,0
25,0,0,0,0,0,0,0,0,0,0,0,0,0,0,0,0,0,0,0,0,0,0,0,0,0,0,0,0,0,0,0,0,0,0,0,0,0,0,0,0,0,0,0,0,0,0,0,0,0,0,0,0,0,0,0,0,0,0,0,0,0,0,0,0,0,0,0,0,0,0,0,0,0,0,0,0,0,0,0,0,0,0,0,0,0,0,0,0,0,0,0,0,0,0,0,0,0,0,0,0
26,0,0,0,0,0,0,0,0,0,0,0,0,0,0,0,0,0,0,0,0,0,0,0,0,0,0,0,0,0,0,0,0,0,0,0,0,0,0,0,0,0,0,0,0,0,0,0,0,0,0,0,0,0,0,0,0,0,0,0,0,0,0,0,0,0,0,0,0,0,0,0,0,0,0,0,0,0,0,0,0,0,0,0,0,0,0,0,0,0,0,0,0,0,0,0,0,0,0,0,0
27,0,0,0,0,0,0,0,0,0,0,0,0,0,0,0,0,0,0,0,0,0,0,0,0,0,0,0,0,0,0,0,0,0,0,0,0,0,0,0,0,0,0,0,0,0,0,0,0,0,0,0,0,0,0,0,0,0,0,0,0,0,0,0,0,0,0,0,0,0,0,0,0,0,0,0,0,0,0,0,0,0,0,0,0,0,0,0,0,0,0,0,0,0,0,0,0,0,0,0,0
28,0,0,0,0,0,0,0,0,0,0,0,0,0,0,0,0,0,0,0,0,0,0,0,0,0,0,0,0,0,0,0,0,0,0,0,0,0,0,0,0,0,0,0,0,0,0,0,0,0,0,0,0,0,0,0,0,0,0,0,0,0,0,0,0,0,0,0,0,0,0,0,0,0,0,0,0,0,0,0,0,0,0,0,0,0,0,0,0,0,0,0,0,0,0,0,0,0,0,0,0
29,0,0,0,0,0,0,0,0,0,0,0,0,0,0,0,0,0,0,0,0,0,0,0,0,0,0,0,0,0,0,0,0,0,0,0,0,0,0,0,0,0,0,0,0,0,0,0,0,0,0,0,0,0,0,0,0,0,0,0,0,0,0,0,0,0,0,0,0,0,0,0,0,0,0,0,0,0,0,0,0,0,0,0,0,0,0,0,0,0,0,0,0,0,0,0,0,0,0,0,0
30,0,0,0,0,0,0,0,0,0,0,0,0,0,0,0,0,0,0,0,0,0,0,0,0,0,0,0,0,0,0,0,0,0,0,0,0,0,0,0,0,0,0,0,0,0,0,0,0,0,0,0,0,0,0,0,0,0,0,0,0,0,0,0,0,0,0,0,0,0,0,0,0,0,0,0,0,0,0,0,0,0,0,0,0,0,0,0,0,0,0,0,0,0,0,0,0,0,0,0,0
31,0,0,0,0,0,0,0,0,0,0,0,0,0,0,0,0,0,0,0,0,0,0,0,0,0,0,0,0,0,0,0,0,0,0,0,0,0,0,0,0,0,0,0,0,0,0,0,0,0,0,0,0,0,0,0,0,0,0,0,0,0,0,0,0,0,0,0,0,0,0,0,0,0,0,0,0,0,0,0,0,0,0,0,0,0,0,0,0,0,0,0,0,0,0,0,0,0,0,0,0
32,0,0,0,0,0,0,0,0,0,0,0,0,0,0,0,0,0,0,0,0,0,0,0,0,0,0,0,0,0,0,0,0,0,0,0,0,0,0,0,0,0,0,0,0,0,0,0,0,0,0,0,0,0,0,0,0,0,0,0,0,0,0,0,0,0,0,0,0,0,0,0,0,0,0,0,0,0,0,0,0,0,0,0,0,0,0,0,0,0,0,0,0,0,0,0,0,0,0,0,0
33,0,0,0,0,0,0,0,0,0,0,0,0,0,0,0,0,0,0,0,0,0,0,0,0,0,0,0,0,0,0,0,0,0,0,0,0,0,0,0,0,0,0,0,0,0,0,0,0,0,0,0,0,0,0,0,0,0,0,0,0,0,0,0,0,0,0,0,0,0,0,0,0,0,0,0,0,0,0,0,0,0,0,0,0,0,0,0,0,0,0,0,0,0,0,0,0,0,0,0,0
34,0,0,0,0,0,0,0,0,0,0,0,0,0,0,0,0,0,0,0,0,0,0,0,0,0,0,0,0,0,0,0,0,0,0,0,0,0,0,0,0,0,0,0,0,0,0,0,0,0,0,0,0,0,0,0,0,0,0,0,0,0,0,0,0,0,0,0,0,0,0,0,0,0,0,0,0,0,0,0,0,0,0,0,0,0,0,0,0,0,0,0,0,0,0,0,0,0,0,0,0
35,0,0,0,0,0,0,0,0,0,0,0,0,0,0,0,0,0,0,0,0,0,0,0,0,0,0,0,0,0,0,0,0,0,0,0,0,0,0,0,0,0,0,0,0,0,0,0,0,0,0,0,0,0,0,0,0,0,0,0,0,0,0,0,0,0,0,0,0,0,0,0,0,0,0,0,0,0,0,0,0,0,0,0,0,0,0,0,0,0,0,0,0,0,0,0,0,0,0,0,0
36,0,0,0,0,0,0,0,0,0,0,0,0,0,0,0,0,0,0,0,0,0,0,0,0,0,0,0,0,0,0,0,0,0,0,0,0,0,0,0,0,0,0,0,0,0,0,0,0,0,0,0,0,0,0,0,0,0,0,0,0,0,0,0,0,0,0,0,0,0,0,0,0,0,0,0,0,0,0,0,0,0,0,0,0,0,0,0,0,0,0,0,0,0,0,0,0,0,0,0,0
37,0,0,0,0,0,0,0,0,0,0,0,0,0,0,0,0,0,0,0,0,0,0,0,0,0,0,0,0,0,0,0,0,0,0,0,0,0,0,0,0,0,0,0,0,0,0,0,0,0,0,0,0,0,0,0,0,0,0,0,0,0,0,0,0,0,0,0,0,0,0,0,0,0,0,0,0,0,0,0,0,0,0,0,0,0,0,0,0,0,0,0,0,0,0,0,0,0,0,0,0
38,0,0,0,0,0,0,0,0,0,0,0,0,0,0,0,0,0,0,0,0,0,0,0,0,0,0,0,0,0,0,0,0,0,0,0,0,0,0,0,0,0,0,0,0,0,0,0,0,0,0,0,0,0,0,0,0,0,0,0,0,0,0,0,0,0,0,0,0,0,0,0,0,0,0,0,0,0,0,0,0,0,0,0,0,0,0,0,0,0,0,0,0,0,0,0,0,0,0,0,0
39,0,0,0,0,0,0,0,0,0,0,0,0,0,0,0,0,0,0,0,0,0,0,0,0,0,0,0,0,0,0,0,0,0,0,0,0,0,0,0,0,0,0,0,0,0,0,0,0,0,0,0,0,0,0,0,0,0,0,0,0,0,0,0,0,0,0,0,0,0,0,0,0,0,0,0,0,0,0,0,0,0,0,0,0,0,0,0,0,0,0,0,0,0,0,0,0,0,0,0,0
40,0,0,0,0,0,0,0,0,0,0,0,0,0,0,0,0,0,0,0,0,0,0,0,0,0,0,0,0,0,0,0,0,0,0,0,0,0,0,0,0,0,0,0,0,0,0,0,0,0,0,0,0,0,0,0,0,0,0,0,0,0,0,0,0,0,0,0,0,0,0,0,0,0,0,0,0,0,0,0,0,0,0,0,0,0,0,0,0,0,0,0,0,0,0,0,0,0,0,0,0
41,0,0,0,0,0,0,0,0,0,0,0,0,0,0,0,0,0,0,0,0,0,0,0,0,0,0,0,0,0,0,0,0,0,0,0,0,0,0,0,0,0,0,0,0,0,0,0,0,0,0,0,0,0,0,0,0,0,0,0,0,0,0,0,0,0,0,0,0,0,0,0,0,0,0,0,0,0,0,0,0,0,0,0,0,0,0,0,0,0,0,0,0,0,0,0,0,0,0,0,0
42,0,0,0,0,0,0,0,0,0,0,0,0,0,0,0,0,0,0,0,0,0,0,0,0,0,0,0,0,0,0,0,0,0,0,0,0,0,0,0,0,0,0,0,0,0,0,0,0,0,0,0,0,0,0,0,0,0,0,0,0,0,0,0,0,0,0,0,0,0,0,0,0,0,0,0,0,0,0,0,0,0,0,0,0,0,0,0,0,0,0,0,0,0,0,0,0,0,0,0,0
43,0,0,0,0,0,0,0,0,0,0,0,0,0,0,0,0,0,0,0,0,0,0,0,0,0,0,0,0,0,0,0,0,0,0,0,0,0,0,0,0,0,0,0,0,0,0,0,0,0,0,0,0,0,0,0,0,0,0,0,0,0,0,0,0,0,0,0,0,0,0,0,0,0,0,0,0,0,0,0,0,0,0,0,0,0,0,0,0,0,0,0,0,0,0,0,0,0,0,0,0
44,0,0,0,0,0,0,0,0,0,0,0,0,0,0,0,0,0,0,0,0,0,0,0,0,0,0,0,0,0,0,0,0,0,0,0,0,0,0,0,0,0,0,0,0,0,0,0,0,0,0,0,0,0,0,0,0,0,0,0,0,0,0,0,0,0,0,0,0,0,0,0,0,0,0,0,0,0,0,0,0,0,0,0,0,0,0,0,0,0,0,0,0,0,0,0,0,0,0,0,0
45,0,0,0,0,0,0,0,0,0,0,0,0,0,0,0,0,0,0,0,0,0,0,0,0,0,0,0,0,0,0,0,0,0,0,0,0,0,0,0,0,0,0,0,0,0,0,0,0,0,0,0,0,0,0,0,0,0,0,0,0,0,0,0,0,0,0,0,0,0,0,0,0,0,0,0,0,0,0,0,0,0,0,0,0,0,0,0,0,0,0,0,0,0,0,0,0,0,0,0,0
46,0,0,0,0,0,0,0,0,0,0,0,0,0,0,0,0,0,0,0,0,0,0,0,0,0,0,0,0,0,0,0,0,0,0,0,0,0,0,0,0,0,0,0,0,0,0,0,0,0,0,0,0,0,0,0,0,0,0,0,0,0,0,0,0,0,0,0,0,0,0,0,0,0,0,0,0,0,0,0,0,0,0,0,0,0,0,0,0,0,0,0,0,0,0,0,0,0,0,0,0
47,0,0,0,0,0,0,0,0,0,0,0,0,0,0,0,0,0,0,0,0,0,0,0,0,0,0,0,0,0,0,0,0,0,0,0,0,0,0,0,0,0,0,0,0,0,0,0,0,0,0,0,0,0,0,0,0,0,0,0,0,0,0,0,0,0,0,0,0,0,0,0,0,0,0,0,0,0,0,0,0,0,0,0,0,0,0,0,0,0,0,0,0,0,0,0,0,0,0,0,0
48,0,0,0,0,0,0,0,0,0,0,0,0,0,0,0,0,0,0,0,0,0,0,0,0,0,0,0,0,0,0,0,0,0,0,0,0,0,0,0,0,0,0,0,0,0,0,0,0,0,0,0,0,0,0,0,0,0,0,0,0,0,0,0,0,0,0,0,0,0,0,0,0,0,0,0,0,0,0,0,0,0,0,0,0,0,0,0,0,0,0,0,0,0,0,0,0,0,0,0,0
49,0,0,0,0,0,0,0,0,0,0,0,0,0,0,0,0,0,0,0,0,0,0,0,0,0,0,0,0,0,0,0,0,0,0,0,0,0,0,0,0,0,0,0,0,0,0,0,0,0,0,0,0,0,0,0,0,0,0,0,0,0,0,0,0,0,0,0,0,0,0,0,0,0,0,0,0,0,0,0,0,0,0,0,0,0,0,0,0,0,0,0,0,0,0,0,0,0,0,0,0
50,0,0,0,0,0,0,0,0,0,0,0,0,0,0,0,0,0,0,0,0,0,0,0,0,0,0,0,0,0,0,0,0,0,0,0,0,0,0,0,0,0,0,0,0,0,0,0,0,0,0,0,0,0,0,0,0,0,0,0,0,0,0,0,0,0,0,0,0,0,0,0,0,0,0,0,0,0,0,0,0,0,0,0,0,0,0,0,0,0,0,0,0,0,0,0,0,0,0,0,0
51,0,0,0,0,0,0,0,0,0,0,0,0,0,0,0,0,0,0,0,0,0,0,0,0,0,0,0,0,0,0,0,0,0,0,0,0,0,0,0,0,0,0,0,0,0,0,0,0,0,0,0,0,0,0,0,0,0,0,0,0,0,0,0,0,0,0,0,0,0,0,0,0,0,0,0,0,0,0,0,0,0,0,0,0,0,0,0,0,0,0,0,0,0,0,0,0,0,0,0,0
52,0,0,0,0,0,0,0,0,0,0,0,0,0,0,0,0,0,0,0,0,0,0,0,0,0,0,0,0,0,0,0,0,0,0,0,0,0,0,0,0,0,0,0,0,0,0,0,0,0,0,0,0,0,0,0,0,0,0,0,0,0,0,0,0,0,0,0,0,0,0,0,0,0,0,0,0,0,0,0,0,0,0,0,0,0,0,0,0,0,0,0,0,0,0,0,0,0,0,0,0
53,0,0,0,0,0,0,0,0,0,0,0,0,0,0,0,0,0,0,0,0,0,0,0,0,0,0,0,0,0,0,0,0,0,0,0,0,0,0,0,0,0,0,0,0,0,0,0,0,0,0,0,0,0,0,0,0,0,0,0,0,0,0,0,0,0,0,0,0,0,0,0,0,0,0,0,0,0,0,0,0,0,0,0,0,0,0,0,0,0,0,0,0,0,0,0,0,0,0,0,0
54,0,0,0,0,0,0,0,0,0,0,0,0,0,0,0,0,0,0,0,0,0,0,0,0,0,0,0,0,0,0,0,0,0,0,0,0,0,0,0,0,0,0,0,0,0,0,0,0,0,0,0,0,0,0,0,0,0,0,0,0,0,0,0,0,0,0,0,0,0,0,0,0,0,0,0,0,0,0,0,0,0,0,0,0,0,0,0,0,0,0,0,0,0,0,0,0,0,0,0,0
55,0,0,0,0,0,0,0,0,0,0,0,0,0,0,0,0,0,0,0,0,0,0,0,0,0,0,0,0,0,0,0,0,0,0,0,0,0,0,0,0,0,0,0,0,0,0,0,0,0,0,0,0,0,0,0,0,0,0,0,0,0,0,0,0,0,0,0,0,0,0,0,0,0,0,0,0,0,0,0,0,0,0,0,0,0,0,0,0,0,0,0,0,0,0,0,0,0,0,0,0
56,0,0,0,0,0,0,0,0,0,0,0,0,0,0,0,0,0,0,0,0,0,0,0,0,0,0,0,0,0,0,0,0,0,0,0,0,0,0,0,0,0,0,0,0,0,0,0,0,0,0,0,0,0,0,0,0,0,0,0,0,0,0,0,0,0,0,0,0,0,0,0,0,0,0,0,0,0,0,0,0,0,0,0,0,0,0,0,0,0,0,0,0,0,0,0,0,0,0,0,0
57,0,0,0,0,0,0,0,0,0,0,0,0,0,0,0,0,0,0,0,0,0,0,0,0,0,0,0,0,0,0,0,0,0,0,0,0,0,0,0,0,0,0,0,0,0,0,0,0,0,0,0,0,0,0,0,0,0,0,0,0,0,0,0,0,0,0,0,0,0,0,0,0,0,0,0,0,0,0,0,0,0,0,0,0,0,0,0,0,0,0,0,0,0,0,0,0,0,0,0,0
58,0,0,0,0,0,0,0,0,0,0,0,0,0,0,0,0,0,0,0,0,0,0,0,0,0,0,0,0,0,0,0,0,0,0,0,0,0,0,0,0,0,0,0,0,0,0,0,0,0,0,0,0,0,0,0,0,0,0,0,0,0,0,0,0,0,0,0,0,0,0,0,0,0,0,0,0,0,0,0,0,0,0,0,0,0,0,0,0,0,0,0,0,0,0,0,0,0,0,0,0
59,0,0,0,0,0,0,0,0,0,0,0,0,0,0,0,0,0,0,0,0,0,0,0,0,0,0,0,0,0,0,0,0,0,0,0,0,0,0,0,0,0,0,0,0,0,0,0,0,0,0,0,0,0,0,0,0,0,0,0,0,0,0,0,0,0,0,0,0,0,0,0,0,0,0,0,0,0,0,0,0,0,0,0,0,0,0,0,0,0,0,0,0,0,0,0,0,0,0,0,0
60,0,0,0,0,0,0,0,0,0,0,0,0,0,0,0,0,0,0,0,0,0,0,0,0,0,0,0,0,0,0,0,0,0,0,0,0,0,0,0,0,0,0,0,0,0,0,0,0,0,0,0,0,0,0,0,0,0,0,0,0,0,0,0,0,0,0,0,0,0,0,0,0,0,0,0,0,0,0,0,0,0,0,0,0,0,0,0,0,0,0,0,0,0,0,0,0,0,0,0,0
61,0,0,0,0,0,0,0,0,0,0,0,0,0,0,0,0,0,0,0,0,0,0,0,0,0,0,0,0,0,0,0,0,0,0,0,0,0,0,0,0,0,0,0,0,0,0,0,0,0,0,0,0,0,0,0,0,0,0,0,0,0,0,0,0,0,0,0,0,0,0,0,0,0,0,0,0,0,0,0,0,0,0,0,0,0,0,0,0,0,0,0,0,0,0,0,0,0,0,0,0
62,0,0,0,0,0,0,0,0,0,0,0,0,0,0,0,0,0,0,0,0,0,0,0,0,0,0,0,0,0,0,0,0,0,0,0,0,0,0,0,0,0,0,0,0,0,0,0,0,0,0,0,0,0,0,0,0,0,0,0,0,0,0,0,0,0,0,0,0,0,0,0,0,0,0,0,0,0,0,0,0,0,0,0,0,0,0,0,0,0,0,0,0,0,0,0,0,0,0,0,0
63,0,0,0,0,0,0,0,0,0,0,0,0,0,0,0,0,0,0,0,0,0,0,0,0,0,0,0,0,0,0,0,0,0,0,0,0,0,0,0,0,0,0,0,0,0,0,0,0,0,0,0,0,0,0,0,0,0,0,0,0,0,0,0,0,0,0,0,0,0,0,0,0,0,0,0,0,0,0,0,0,0,0,0,0,0,0,0,0,0,0,0,0,0,0,0,0,0,0,0,0
64,0,0,0,0,0,0,0,0,0,0,0,0,0,0,0,0,0,0,0,0,0,0,0,0,0,0,0,0,0,0,0,0,0,0,0,0,0,0,0,0,0,0,0,0,0,0,0,0,0,0,0,0,0,0,0,0,0,0,0,0,0,0,0,0,0,0,0,0,0,0,0,0,0,0,0,0,0,0,0,0,0,0,0,0,0,0,0,0,0,0,0,0,0,0,0,0,0,0,0,0
65,0,0,0,0,0,0,0,0,0,0,0,0,0,0,0,0,0,0,0,0,0,0,0,0,0,0,0,0,0,0,0,0,0,0,0,0,0,0,0,0,0,0,0,0,0,0,0,0,0,0,0,0,0,0,0,0,0,0,0,0,0,0,0,0,0,0,0,0,0,0,0,0,0,0,0,0,0,0,0,0,0,0,0,0,0,0,0,0,0,0,0,0,0,0,0,0,0,0,0,0
66,0,0,0,0,0,0,0,0,0,0,0,0,0,0,0,0,0,0,0,0,0,0,0,0,0,0,0,0,0,0,0,0,0,0,0,0,0,0,0,0,0,0,0,0,0,0,0,0,0,0,0,0,0,0,0,0,0,0,0,0,0,0,0,0,0,0,0,0,0,0,0,0,0,0,0,0,0,0,0,0,0,0,0,0,0,0,0,0,0,0,0,0,0,0,0,0,0,0,0,0
67,0,0,0,0,0,0,0,0,0,0,0,0,0,0,0,0,0,0,0,0,0,0,0,0,0,0,0,0,0,0,0,0,0,0,0,0,0,0,0,0,0,0,0,0,0,0,0,0,0,0,0,0,0,0,0,0,0,0,0,0,0,0,0,0,0,0,0,0,0,0,0,0,0,0,0,0,0,0,0,0,0,0,0,0,0,0,0,0,0,0,0,0,0,0,0,0,0,0,0,0
68,0,0,0,0,0,0,0,0,0,0,0,0,0,0,0,0,0,0,0,0,0,0,0,0,0,0,0,0,0,0,0,0,0,0,0,0,0,0,0,0,0,0,0,0,0,0,0,0,0,0,0,0,0,0,0,0,0,0,0,0,0,0,0,0,0,0,0,0,0,0,0,0,0,0,0,0,0,0,0,0,0,0,0,0,0,0,0,0,0,0,0,0,0,0,0,0,0,0,0,0
69,0,0,0,0,0,0,0,0,0,0,0,0,0,0,0,0,0,0,0,0,0,0,0,0,0,0,0,0,0,0,0,0,0,0,0,0,0,0,0,0,0,0,0,0,0,0,0,0,0,0,0,0,0,0,0,0,0,0,0,0,0,0,0,0,0,0,0,0,0,0,0,0,0,0,0,0,0,0,0,0,0,0,0,0,0,0,0,0,0,0,0,0,0,0,0,0,0,0,0,0
70,0,0,0,0,0,0,0,0,0,0,0,0,0,0,0,0,0,0,0,0,0,0,0,0,0,0,0,0,0,0,0,0,0,0,0,0,0,0,0,0,0,0,0,0,0,0,0,0,0,0,0,0,0,0,0,0,0,0,0,0,0,0,0,0,0,0,0,0,0,0,0,0,0,0,0,0,0,0,0,0,0,0,0,0,0,0,0,0,0,0,0,0,0,0,0,0,0,0,0,0
71,0,0,0,0,0,0,0,0,0,0,0,0,0,0,0,0,0,0,0,0,0,0,0,0,0,0,0,0,0,0,0,0,0,0,0,0,0,0,0,0,0,0,0,0,0,0,0,0,0,0,0,0,0,0,0,0,0,0,0,0,0,0,0,0,0,0,0,0,0,0,0,0,0,0,0,0,0,0,0,0,0,0,0,0,0,0,0,0,0,0,0,0,0,0,0,0,0,0,0,0
72,0,0,0,0,0,0,0,0,0,0,0,0,0,0,0,0,0,0,0,0,0,0,0,0,0,0,0,0,0,0,0,0,0,0,0,0,0,0,0,0,0,0,0,0,0,0,0,0,0,0,0,0,0,0,0,0,0,0,0,0,0,0,0,0,0,0,0,0,0,0,0,0,0,0,0,0,0,0,0,0,0,0,0,0,0,0,0,0,0,0,0,0,0,0,0,0,0,0,0,0
73,0,0,0,0,0,0,0,0,0,0,0,0,0,0,0,0,0,0,0,0,0,0,0,0,0,0,0,0,0,0,0,0,0,0,0,0,0,0,0,0,0,0,0,0,0,0,0,0,0,0,0,0,0,0,0,0,0,0,0,0,0,0,0,0,0,0,0,0,0,0,0,0,0,0,0,0,0,0,0,0,0,0,0,0,0,0,0,0,0,0,0,0,0,0,0,0,0,0,0,0
74,0,0,0,0,0,0,0,0,0,0,0,0,0,0,0,0,0,0,0,0,0,0,0,0,0,0,0,0,0,0,0,0,0,0,0,0,0,0,0,0,0,0,0,0,0,0,0,0,0,0,0,0,0,0,0,0,0,0,0,0,0,0,0,0,0,0,0,0,0,0,0,0,0,0,0,0,0,0,0,0,0,0,0,0,0,0,0,0,0,0,0,0,0,0,0,0,0,0,0,0
75,0,0,0,0,0,0,0,0,0,0,0,0,0,0,0,0,0,0,0,0,0,0,0,0,0,0,0,0,0,0,0,0,0,0,0,0,0,0,0,0,0,0,0,0,0,0,0,0,0,0,0,0,0,0,0,0,0,0,0,0,0,0,0,0,0,0,0,0,0,0,0,0,0,0,0,0,0,0,0,0,0,0,0,0,0,0,0,0,0,0,0,0,0,0,0,0,0,0,0,0
76,0,0,0,0,0,0,0,0,0,0,0,0,0,0,0,0,0,0,0,0,0,0,0,0,0,0,0,0,0,0,0,0,0,0,0,0,0,0,0,0,0,0,0,0,0,0,0,0,0,0,0,0,0,0,0,0,0,0,0,0,0,0,0,0,0,0,0,0,0,0,0,0,0,0,0,0,0,0,0,0,0,0,0,0,0,0,0,0,0,0,0,0,0,0,0,0,0,0,0,0
77,0,0,0,0,0,0,0,0,0,0,0,0,0,0,0,0,0,0,0,0,0,0,0,0,0,0,0,0,0,0,0,0,0,0,0,0,0,0,0,0,0,0,0,0,0,0,0,0,0,0,0,0,0,0,0,0,0,0,0,0,0,0,0,0,0,0,0,0,0,0,0,0,0,0,0,0,0,0,0,0,0,0,0,0,0,0,0,0,0,0,0,0,0,0,0,0,0,0,0,0
78,0,0,0,0,0,0,0,0,0,0,0,0,0,0,0,0,0,0,0,0,0,0,0,0,0,0,0,0,0,0,0,0,0,0,0,0,0,0,0,0,0,0,0,0,0,0,0,0,0,0,0,0,0,0,0,0,0,0,0,0,0,0,0,0,0,0,0,0,0,0,0,0,0,0,0,0,0,0,0,0,0,0,0,0,0,0,0,0,0,0,0,0,0,0,0,0,0,0,0,0
79,0,0,0,0,0,0,0,0,0,0,0,0,0,0,0,0,0,0,0,0,0,0,0,0,0,0,0,0,0,0,0,0,0,0,0,0,0,0,0,0,0,0,0,0,0,0,0,0,0,0,0,0,0,0,0,0,0,0,0,0,0,0,0,0,0,0,0,0,0,0,0,0,0,0,0,0,0,0,0,0,0,0,0,0,0,0,0,0,0,0,0,0,0,0,0,0,0,0,0,0
80,0,0,0,0,0,0,0,0,0,0,0,0,0,0,0,0,0,0,0,0,0,0,0,0,0,0,0,0,0,0,0,0,0,0,0,0,0,0,0,0,0,0,0,0,0,0,0,0,0,0,0,0,0,0,0,0,0,0,0,0,0,0,0,0,0,0,0,0,0,0,0,0,0,0,0,0,0,0,0,0,0,0,0,0,0,0,0,0,0,0,0,0,0,0,0,0,0,0,0,0
81,0,0,0,0,0,0,0,0,0,0,0,0,0,0,0,0,0,0,0,0,0,0,0,0,0,0,0,0,0,0,0,0,0,0,0,0,0,0,0,0,0,0,0,0,0,0,0,0,0,0,0,0,0,0,0,0,0,0,0,0,0,0,0,0,0,0,0,0,0,0,0,0,0,0,0,0,0,0,0,0,0,0,0,0,0,0,0,0,0,0,0,0,0,0,0,0,0,0,0,0
82,0,0,0,0,0,0,0,0,0,0,0,0,0,0,0,0,0,0,0,0,0,0,0,0,0,0,0,0,0,0,0,0,0,0,0,0,0,0,0,0,0,0,0,0,0,0,0,0,0,0,0,0,0,0,0,0,0,0,0,0,0,0,0,0,0,0,0,0,0,0,0,0,0,0,0,0,0.1081,0,0,0,0,0,0,0,0,0,0,0,0,0,0,0,0,0,0,0,0,0,0,0
83,0,0,0,0,0,0,0,0,0,0.0432,0,0,0.0297,0,0,0,0,0,0,0,0,0,0,0,0,0,0,0,0,0,0,0,0,0,0.0371,0,0.0981,0,0,0,0,0,0.0503,0,0,0,0,0,0,0,0,0,0,0,0,0.035,0,0,0,0,0,0,0.1774,0,0,0,0,0,0.1431,0,0,0,0,0.0539,0,0.0755,0.1081,0,0.0451,0,0,0,0,0,0,0.0372,0,0,0,0,0,0,0,0,0,0,0,0,0,0
84,0,0,0,0,0,0,0,0,0,0.0432,0,0,0.0297,0,0,0,0,0.2693,0,0,0.103,0,0,0,0,0,0,0,0,0,0,0,0,0,0.0371,0,0.0981,0,0,0,0,0,0.0503,0,0,0,0,0,0,0,0,0,0,0,0,0.035,0,0,0,0,0,0,0.1934,0,0,0.2492,0,0,0.2588,0,0,0,0,0.0539,0,0.0995,0.1081,0,0.0451,0,0,0,0,0,0,0.0372,0,0,0,0,0,0,0,0.2061,0,0.3263,0,0,0,0
85,0,0,0,0,0,0,0,0,0,0.0432,0,0,0,0,0,0,0,0,0,0,0,0,0,0,0,0,0,0,0,0,0,0,0,0,0.0371,0,0,0,0,0,0,0,0,0,0,0,0,0,0,0,0,0,0,0,0,0,0,0,0,0,0,0,0,0,0,0,0,0,0.1542,0,0,0,0,-0.0867,0,0,0,0,0,0,0,0,0,0,-0.1341,0,0,0,0,0,0,0,0,0,0,0,0,0,0,0
86,0,0,0,0,0,0,0,0,0,0,0,0,0,0,0,0,0,0,0,0,0,0,0,0,0,0,0,0,0,0,0,0,0,0,0.0371,0,0,0,0,0,0,0,0,0,0,0,0,0,0,0,0,0,0,0,0,0,0,0,0,0,0,0,0,0,0,0,0,0,0,0,0,0,0,-0.0378,0,0,0,0,0,0,0,0,0,0,0,0,0,0,0,0,0,0,0,0,0,0,0,0,0,0
87,0,0,0,0,0,0,0,0,0,0,0,0,0,0,0,0,0,0,0,0,0,0,0,0,0,0,0,0,0,0,0,0,0,0,0,0,0,0,0,0,0,0,0,0,0,0,0,0,0,0,0,0,0,0,0,0,0,0,0,0,0,0,0,0,0,0,0,0,0,0,0,0,0,-0.0378,0,0,0,0,0,0,0,0,0,0,0,0,0,0,0,0,0,0,0,0,0,0,0,0,0,0
88,0,0,0,0,0,0,0,0,0,0,0,0,0,0,0,0,0,0,0,0,0,0,0,0,0,0,0,0,0,0,0,0,0,0,0,0,0,0,0,0,0,0,0,0,0,0,0,0,0,0,0,0,0,0,0,0,0,0,0,0,0,0,0,0,0,0,0,0,0,0,0,0,0,0,0,0,0,0,0,0,0,0,0,0,0,0,0,0,0,0,0,0,0,0,0,0,0,0,0,0
89,0,0,0,0,0,0,0,0,0,0,0,0,0,0,0,0,0,0,0,0,0,0,0,0,0,0,0,0,0,0,0,0,0,0,0,0,0,0,0,0,0,0,0,0,0,0,0,0,0,0,0,0,0,0,0,0,0,0,0,0,0,0,0,0,0,0,0,0,0,0,0,0,0,0,0,0,0,0,0,0,0,0,0,0,0,0,0,0,0,0,0,0,0,0,0,0,0,0,0,0
90,0,0,0,0,0,0,0,0,0,0,0,0,0,0,0,0,0,0,0,0,0,0,0,0,0,0,0,0,0,0,0,0,0,0,0,0,0,0,0,0,0,0,0,0,0,0,0,0,0,0,0,0,0,0,0,0,0,0,0,0,0,0,0,0,0,0,0,0,0,0,0,0,0,0,0,0,0,0,0,0,0,0,0,0,0,0,0,0,0,0,0,0,0,0,0,0,0,0,0,0
91,0,0,0,0,0,0,0,0,0,0,0,0,0,0,0,0,0,0,0,0,0,0,0,0,0,0,0,0,0,0,0,0,0,0,0,0,0,0,0,0,0,0,0,0,0,0,0,0,0,0,0,0,0,0,0,0,0,0,0,0,0,0,0,0,0,0,0,0,0,0,0,0,0,0,0,0,0,0,0,0,0,0,0,0,0,0,0,0,0,0,0,0,0,0,0,0,0,0,0,0
92,0,0,0,0,0,0,0,0,0,0,0,0,0,0,0,0,0,0,0,0,0,0,0,0,0,0,0,0,0,0,0,0,0,0,0,0,0,0,0,0,0,0,0,0,0,0,0,0,0,0,0,0,0,0,0,0,0,0,0,0,0,0,0,0,0,0,0,0,0,0,0,0,0,0,0,0,0,0,0,0,0,0,0,0,0,0,0,0,0,0,0,0,0,0,0,0,0,0,0,0
93,0,0,0,0,0,0,0,0,0,0,0,0,0,0,0,0,0,0,0,0,0,0,0,0,0,0,0,0,0,0,0,0,0,0,0,0,0,0,0,0,0,0,0,0,0,0,0,0,0,0,0,0,0,0,0,0,0,0,0,0,0,0,0,0,0,0,0,0,0,0,0,0,0,0,0,0,0,0,0,0,0,0,0,0,0,0,0,0,0,0,0,0,0,0,0,0,0,0,0,0
94,0,0,0,0,0,0,0,0,0,0,0,0,0,0,0,0,0,0,0,0,0,0,0,0,0,0,0,0,0,0,0,0,0,0,0,0,0,0,0,0,0,0,0,0,0,0,0,0,0,0,0,0,0,0,0,0,0,0,0,0,0,0,0,0,0,0,0,0,0,0,0,0,0,0,0,0,0,0,0,0,0,0,0,0,0,0,0,0,0,0,0,0,0,0,0,0,0,0,0,0
95,0,0,0,0,0,0,0,0,0,0,0,0,0,0,0,0,0,0,0,0,0,0,0,0,0,0,0,0,0,0,0,0,0,0,0,0,0,0,0,0,0,0,0,0,0,0,0,0,0,0,0,0,0,0,0,0,0,0,0,0,0,0,0,0,0,0,0,0,0,0,0,0,0,0,0,0,0,0,0,0,0,0,0,0,0,0,0,0,0,0,0,0,0,0,0,0,0,0,0,0
96,0,0,0,0,0,0,0,0,0,0,0,0,0,0,0,0,0,0,0,0,0,0,0,0,0,0,0,0,0,0,0,0,0,0,0,0,0,0,0,0,0,0,0,0,0,0,0,0,0,0,0,0,0,0,0,0,0,0,0,0,0,0,0,0,0,0,0,0,0,0,0,0,0,0,0,0,0,0,0,0,0,0,0,0,0,0,0,0,0,0,0,0,0,0,0,0,0,0,0,0
97,0,0,0,0,0,0,0,0,0,0,0,0,0,0,0,0,0,0,0,0,0,0,0,0,0,0,0,0,0,0,0,0,0,0,0,0,0,0,0,0,0,0,0,0,0,0,0,0,0,0,0,0,0,0,0,0,0,0,0,0,0,0,0,0,0,0,0,0,0,0,0,0,0,0,0,0,0,0,0,0,0,0,0,0,0,0,0,0,0,0,0,0,0,0,0,0,0,0,0,0
98,0,0,0,0,0,0,0,0,0,0,0,0,0,0,0,0,0,0,0,0,0,0,0,0,0,0,0,0,0,0,0,0,0,0,0,0,0,0,0,0,0,0,0,0,0,0,0,0,0,0,0,0,0,0,0,0,0,0,0,0,0,0,0,0,0,0,0,0,0,0,0,0,0,0,0,0,0,0,0,0,0,0,0,0,0,0,0,0,0,0,0,0,0,0,0,0,0,0,0,0
99,0,0,0,0,0,0,0,0,0,0,0,0,0,0,0,0,0,0,0,0,0,0,0,0,0,0,0,0,0,0,0,0,0,0,0,0,0,0,0,0,0,0,0,0,0,0,0,0,0,0,0,0,0,0,0,0,0,0,0,0,0,0,0,0,0,0,0,0,0,0,0,0,0,0,0,0,0,0,0,0,0,0,0,0,0,0,0,0,0,0,0,0,0,0,0,0,0,0,0,0
100,0,0,0,0,0,0,0,0,0,0,0,0,0,0,0,0,0,0,0,0,0,0,0,0,0,0,0,0,0,0,0,0,0,0,0,0,0,0,0,0,0,0,0,0,0,0,0,0,0,0,0,0,0,0,0,0,0,0,0,0,0,0,0,0,0,0,0,0,0,0,0,0,0,0,0,0,0,0,0,0,0,0,0,0,0,0,0,0,0,0,0,0,0,0,0,0,0,0,0,0
101,0,0,0,0,0,0,0,0,0,0,0,0,0,0,0,0,0,0,0,0,0,0,0,0,0,0,0,0,0,0,0,0,0,0,0,0,0,0,0,0,0,0,0,0,0,0,0,0,0,0,0,0,0,0,0,0,0,0,0,0,0,0,0,0,0,0,0,0,0,0,0,0,0,0,0,0,0,0,0,0,0,0,0,0,0,0,0,0,0,0,0,0,0,0,0,0,0,0,0,0
102,0,0,0,0,0,0,0,0,0,0,0,0,0,0,0,0,0,0,0,0,0,0,0,0,0,0,0,0,0,0,0,0,0,0,0,0,0,0,0,0,0,0,0,0,0,0,0,0,0,0,0,0,0,0,0,0,0,0,0,0,0,0,0,0,0,0,0,0,0,0,0,0,0,0,0,0,0,0,0,0,0,0,0,0,0,0,0,0,0,0,0,0,0,0,0,0,0,0,0,0
103,0,0,0,0,0,0,0,0,0,0,0,0,0,0,0,0,0,0,0,0,0,0,0,0,0,0,0,0,0,0,0,0,0,0,0,0,0,0,0,0,0,0,0,0,0,0,0,0,0,0,0,0,0,0,0,0,0,0,0,0,0,0,0,0,0,0,0,0,0,0,0,0,0,0,0,0,0,0,0,0,0,0,0,0,0,0,0,0,0,0,0,0,0,0,0,0,0,0,0,0
104,0,0,0,0,0,0,0,0,0,0,0,0,0,0,0,0,0,0,0,0,0,0,0,0,0,0,0,0,0,0,0,0,0,0,0,0,0,0,0,0,0,0,0,0,0,0,0,0,0,0,0,0,0,0,0,0,0,0,0,0,0,0,0,0,0,0,0,0,0,0,0,0,0,0,0,0,0,0,0,0,0,0,0,0,0,0,0,0,0,0,0,0,0,0,0,0,0,0,0,0
105,0,0,0,0,0,0,0,0,0,0,0,0,0,0,0,0,0,0,0,0,0,0,0,0,0,0,0,0,0,0,0,0,0,0,0,0,0,0,0,0,0,0,0,0,0,0,0,0,0,0,0,0,0,0,0,0,0,0,0,0,0,0,0,0,0,0,0,0,0,0,0,0,0,0,0,0,0,0,0,0,0,0,0,0,0,0,0,0,0,0,0,0,0,0,0,0,0,0,0,0
106,0,0,0,0,0,0,0,0,0,0,0,0,0,0,0,0,0,0,0,0,0,0,0,0,0,0,0,0,0,0,0,0,0,0,0,0,0,0,0,0,0,0,0,0,0,0,0,0,0,0,0,0,0,0,0,0,0,0,0,0,0,0,0,0,0,0,0,0,0,0,0,0,0,0,0,0,0,0,0,0,0,0,0,0,0,0,0,0,0,0,0,0,0,0,0,0,0,0,0,0
107,0,0,0,0,0,0,0,0,0,0,0,0,0,0,0,0,0,0,0,0,0,0,0,0,0,0,0,0,0,0,0,0,0,0,0,0,0,0,0,0,0,0,0,0,0,0,0,0,0,0,0,0,0,0,0,0,0,0,0,0,0,0,0,0,0,0,0,0,0,0,0,0,0,0,0,0,0,0,0,0,0,0,0,0,0,0,0,0,0,0,0,0,0,0,0,0,0,0,0,0
108,0,0,0,0,0,0,0,0,0,0,0,0,0,0,0,0,0,0,0,0,0,0,0,0,0,0,0,0,0,0,0,0,0,0,0,0,0,0,0,0,0,0,0,0,0,0,0,0,0,0,0,0,0,0,0,0,0,0,0,0,0,0,0,0,0,0,0,0,0,0,0,0,0,0,0,0,0,0,0,0,0,0,0,0,0,0,0,0,0,0,0,0,0,0,0,0,0,0,0,0
109,0,0,0,0,0,0,0,0,0,0,0,0,0,0,0,0,0,0,0,0,0,0,0,0,0,0,0,0,0,0,0,0,0,0,0,0,0,0,0,0,0,0,0,0,0,0,0,0,0,0,0,0,0,0,0,0,0,0,0,0,0,0,0,0,0,0,0,0,0,0,0,0,0,0,0,0,0,0,0,0,0,0,0,0,0,0,0,0,0,0,0,0,0,0,0,0,0,0,0,0
110,0,0,0,0,0,0,0,0,0,0,0,0,0,0,0,0,0,0,0,0,0,0,0,0,0,0,0,0,0,0,0,0,0,0,0,0,0,0,0,0,0,0,0,0,0,0,0,0,0,0,0,0,0,0,0,0,0,0,0,0,0,0,0,0,0,0,0,0,0,0,0,0,0,0,0,0,0,0,0,0,0,0,0,0,0,0,0,0,0,0,0,0,0,0,0,0,0,0,0,0
111,0,0,0,0,0,0,0,0,0,0,0,0,0,0,0,0,0,0,0,0,0,0,0,0,0,0,0,0,0,0,0,0,0,0,0,0,0,0,0,0,0,0,0,0,0,0,0,0,0,0,0,0,0,0,0,0,0,0,0,0,0,0,0,0,0,0,0,0,0,0,0,0,0,0,0,0,0,0,0,0,0,0,0,0,0,0,0,0,0,0,0,0,0,0,0,0,0,0,0,0
112,0,0,0,0,0,0,0,0,0,0,0,0,0,0,0,0,0,0,0,0,0,0,0,0,0,0,0,0,0,0,0,0,0,0,0,0,0,0,0,0,0,0,0,0,0,0,0,0,0,0,0,0,0,0,0,0,0,0,0,0,0,0,0,0,0,0,0,0,0,0,0,0,0,0,0,0,0,0,0,0,0,0,0,0,0,0,0,0,0,0,0,0,0,0,0,0,0,0,0,0
113,0,0,0,0,0,0,0,0,0,0,0,0,0,0,0,0,0,0,0,0,0,0,0,0,0,0,0,0,0,0,0,0,0,0,0,0,0,0,0,0,0,0,0,0,0,0,0,0,0,0,0,0,0,0,0,0,0,0,0,0,0,0,0,0,0,0,0,0,0,0,0,0,0,0,0,0,0,0,0,0,0,0,0,0,0,0,0,0,0,0,0,0,0,0,0,0,0,0,0,0
114,0,0,0,0,0,0,0,0,0,0,0,0,0,0,0,0,0,0,0,0,0,0,0,0,0,0,0,0,0,0,0,0,0,0,0,0,0,0,0,0,0,0,0,0,0,0,0,0,0,0,0,0,0,0,0,0,0,0,0,0,0,0,0,0,0,0,0,0,0,0,0,0,0,0,0,0,0,0,0,0,0,0,0,0,0,0,0,0,0,0,0,0,0,0,0,0,0,0,0,0
115,0,0,0,0,0,0,0,0,0,0,0,0,0,0,0,0,0,0,0,0,0,0,0,0,0,0,0,0,0,0,0,0,0,0,0,0,0,0,0,0,0,0,0,0,0,0,0,0,0,0,0,0,0,0,0,0,0,0,0,0,0,0,0,0,0,0,0,0,0,0,0,0,0,0,0,0,0,0,0,0,0,0,0,0,0,0,0,0,0,0,0,0,0,0,0,0,0,0,0,0
116,0,0,0,0,0,0,0,0,0,0,0,0,0,0,0,0,0,0,0,0,0.0296,0,0,0,0,0,0,0,0,0,0,0,0,0,0,0,0,0,0,0,0,0,0,0,0,0,0,0,0,0,0,0,0,0,0,0,0,0,0,0,0,0,0,0,0,0,0,0,0,0,0,0,0,0,0,0,0,0,0,0,0,0,0,0,0,0,0,0,0,0,0,0,0,0,0,0,0,0,0,0
117,0,0,0,0,0,0,0,0,0,0,0,0,0,0,0,0,0,0,0,0,0.0296,0,0,0,0,0,0,0,0,0,0,0,0,0,0,0,0,0,0,0,0,0,0,0,0,0,0,0,0,0,0,0,0,0,0,0,0,0,0,0,0,0,0,0,0,0,0,0,0,0,0,0,0,0,0,0,0,0,0,0,0,0,0,0,0,0,0,0,0,0,0,0,0,0,0,0,0,0,0,0
118,0,0,0,0,0,0,0,0,0,0,0,0,0,0,0,0,0,0,0,0,0.0296,0,0,0,0,0,0,0,0,0,0,0,0,0,0,0,0,0,0,0,0,0,0,0,0,0,0,0,0,0,0,0,0,0,0,0,0,0,0,0,0,0,0,0,0,0,0,0,0,0,0,0,0,0,0,0,0,0,0,0,0,0,0,0,0,0,0,0,0,0,0,0,0,0,0,0,0,0,0,0
119,0,0,0,0,0,0,0,0,0,0,0,0,0,0,0,0,0,0,0,0,0.0296,0,0,0,0,0,0,0,0,0,0,0,0,0,0,0,0,0,0,0,0,0,0,0,0,0,0,0,0,0,0,0,0,0,0,0,0,0,0,0,0,0,0,0,0,0,0,0,0,0,0,0,0,0,0,0,0,0,0,0,0,0,0,0,0,0,0,0,0,0,0,0,0,0,0,0,0,0,0,0
120,0,0,0,0,0,0,0,0,0,0,0,0,0,0,0,0,0,0,0,0,0.0296,0,0,0,0,0,0,0,0,0,0,0,0,0,0,0,0,0,0,0,0,0,0,0,0,0,0,0,0,0,0,0,0,0,0,0,0,0,0,0,0,0,0,0,0,0,0,0,0,0,0,0,0,0,0,0,0,0,0,0,0,0,0,0,0,0,0,0,0,0,0,0,0,0,0,0,0,0,0,0
121,0,0,0,0,0,0,0,0,0,0,0,0,0,0,0,0,0,0,0,0,0.0296,0,0,0,0,0,0,0,0,0,0,0,0,0,0,0,0,0,0,0,0,0,0,0,0,0,0,0,0,0,0,0,0,0,0,0,0,0,0,0,0,0,0,0,0,0,0,0,0,0,0,0,0,0,0,0,0,0,0,0,0,0,0,0,0,0,0,0,0,0,0,0,0,0,0,0,0,0,0,0
122,0,0,0,0,0,0,0,0,0,0,0,0,0,0,0,0,0,0,0,0,0.0296,0,0,0,0,0,0,0,0,0,0,0,0,0,0,0,0,0,0,0,0,0,0,0,0,0,0,0,0,0,0,0,0,0,0,0,0,0,0,0,0,0,0,0,0,0,0,0,0,0,0,0,0,0,0,0,0,0,0,0,0,0,0,0,0,0,0,0,0,0,0,0,0,0,0,0,0,0,0,0
123,0,0,0,0,0,0,0,0,0,0,0,0,0,0,0,0,0,0,0,0,0.0296,0,0,0,0,0,0,0,0,0,0,0,0,0,0,0,0,0,0,0,0,0,0,0,0,0,0,0,0,0,0,0,0,0,0,0,0,0,0,0,0,0,0,0,0,0,0,0,0,0,0,0,0,0,0,0,0,0,0,0,0,0,0,0,0,0,0,0,0,0,0,0,0,0,0,0,0,0,0,0
124,0,0,0,0,0,0,0,0,0,0,0,0,0,0,0,0,0,0,0,0,0,0,0,0,0,0,0,0,0,0,0,0,0,0,0,0,0,0,0,0,0,0,0,0,0,0,0,0,0,0,0,0,0,0,0,0,0,0,0,0,0,0,0,0,0,0,0,0,0,0,0,0,0,0,0,0,0,0,0,0,0,0,0,0,0,0,0,0,0,0,0,0,0,0,0,0,0,0,0,0
125,0,0,0,0,0,0,0,0,0,0,0,0,0,0,0,0,0,0,0,0,0,0,0,0,0,0,0,0,0,0,0,0,0,0,0,0,0,0,0,0,0,0,0,0,0,0,0,0,0,0,0,0,0,0,0,0,0,0,0,0,0,0,0,0,0,0,0,0,0,0,0,0,0,0,0,0,0,0,0,0,0,0,0,0,0,0,0,0,0,0,0,0,0,0,0,0,0,0,0,0
126,0,0,0,0,0,0,0,0,0,0,0,0,0,0,0,0,0,0,0,0,0,0,0,0,0,0,0,0,0,0,0,0,0,0,0,0,0,0,0,0,0,0,0,0,0,0,0,0,0,0,0,0,0,0,0,0,0,0,0,0,0,0,0,0,0,0,0,0,0,0,0,0,0,0,0,0,0,0,0,0,0,0,0,0,0,0,0,0,0,0,0,0,0,0,0,0,0,0,0,0
127,0,0,0,0,0,0,0,0,0,0,0,0,0,0,0,0,0,0,0,0,0,0,0,0,0,0,0,0,0,0,0,0,0,0,0,0,0,0,0,0,0,0,0,0,0,0,0,0,0,0,0,0,0,0,0,0,0,0,0,0,0,0,0,0,0,0,0,0,0,0,0,0,0,0,0,0,0,0,0,0,0,0,0,0,0,0,0,0,0,0,0,0,0,0,0,0,0,0,0,0
128,0,0,0,0,0,0,0,0,0,0,0,0,0,0,0,0,0,0,0,0,0,0,0,0,0,0,0,0,0,0,0,0,0,0,0,0,0,0,0,0,0,0,0,0,0,0,0,0,0,0,0,0,0,0,0,0,0,0,0,0,0,0,0,0,0,0,0,0,0,0,0,0,0,0,0,0,0,0,0,0,0,0,0,0,0,0,0,0,0,0,0,0,0,0,0,0,0,0,0,0
129,0,0,0,0,0,0,0,0,0,0,0,0,0,0,0,0,0,0,0,0,0,0,0,0,0,0,0,0,0,0,0,0,0,0,0,0,0,0,0,0,0,0,0,0,0,0,0,0,0,0,0,0,0,0,0,0,0,0,0,0,0,0,0,0,0,0,0,0,0,0,0,0,0,0,0,0,0,0,0,0,0,0,0,0,0,0,0,0,0,0,0,0,0,0,0,0,0,0,0,0
130,0,0,0,0,0,0,0,0,0,0,0,0,0,0,0,0,0,0,0,0,0,0,0,0,0,0,0,0,0,0,0,0,0,0,0,0,0,0,0,0,0,0,0,0,0,0,0,0,0,0,0,0,0,0,0,0,0,0,0,0,0,0,0,0,0,0,0,0,0,0,0,0,0,0,0,0,0,0,0,0,0,0,0,0,0,0,0,0,0,0,0,0,0,0,0,0,0,0,0,0
131,0,0,0,0,0,0,0,0,0,0,0,0,0,0,0,0,0,0,0,0,0,0,0,0,0,0,0,0,0,0,0,0,0,0,0,0,0,0,0,0,0,0,0,0,0,0,0,0,0,0,0,0,0,0,0,0,0,0,0,0,0,0,0,0,0,0,0,0,0,0,0,0,0,0,0,0,0,0,0,0,0,0,0,0,0,0,0,0,0,0,0,0,0,0,0,0,0,0,0,0
132,0,0,0,0,0,0,0,0,0,0,0,0,0,0,0,0,0,0,0,0,0,0,0,0,0,0,0,0,0,0,0,0,0,0,0,0,0,0,0,0,0,0,0,0,0,0,0,0,0,0,0,0,0,0,0,0,0,0,0,0,0,0,0,0,0,0,0,0,0,0,0,0,0,0,0,0,0,0,0,0,0,0,0,0,0,0,0,0,0,0,0,0,0,0,0,0,0,0,0,0
133,0,0,0,0,0,0,0,0,0,0,0,0,0,0,0,0,0,0,0,0,0,0,0,0,0,0,0,0,0,0,0,0,0,0,0,0,0,0,0,0,0,0,0,0,0,0,0,0,0,0,0,0,0,0,0,0,0,0,0,0,0,0,0,0,0,0,0,0,0,0,0,0,0,0,0,0,0,0,0,0,0,0,0,0,0,0,0,0,0,0,0,0,0,0,0,0,0,0,0,0
134,0,0,0,0,0,0,0,0,0,0,0,0,0,0,0,0,0,0,0,0,0,0,0,0,0,0,0,0,0,0,0,0,0,0,0,0,0,0,0,0,0,0,0,0,0,0,0,0,0,0,0,0,0,0,0,0,0,0,0,0,0,0,0,0,0,0,0,0,0,0,0,0,0,0,0,0,0,0,0,0,0,0,0,0,0,0,0,0,0,0,0,0,0,0,0,0,0,0,0,0
135,0,0,0,0,0,0,0,0,0,0,0,0,0,0,0,0,0,0,0,0,0,0,0,0,0,0,0,0,0,0,0,0,0,0,0,0,0,0,0,0,0,0,0,0,0,0,0,0,0,0,0,0,0,0,0,0,0,0,0,0,0,0,0,0,0,0,0,0,0,0,0,0,0,0,0,0,0,0,0,0,0,0,0,0,0,0,0,0,0,0,0,0,0,0,0,0,0,0,0,0
136,0,0,0,0,0,0,0,0,0,0,0,0,0,0,0,0,0,0,0,0,0,0,0,0,0,0,0,0,0,0,0,0,0,0,0,0,0,0,0,0,0,0,0,0,0,0,0,0,0,0,0,0,0,0,0,0,0,0,0,0,0,0,0,0,0,0,0,0,0,0,0,0,0,0,0,0,0,0,0,0,0,0,0,0,0,0,0,0,0,0,0,0,0,0,0,0,0,0,0,0
137,0,0,0,0,0,0,0,0,0,0,0,0,0,0,0,0,0,0,0,0,0,0,0,0,0,0,0,0,0,0,0,0,0,0,0,0,0,0,0,0,0,0,0,0,0,0,0,0,0,0,0,0,0,0,0,0,0,0,0,0,0,0,0,0,0,0,0,0,0,0,0,0,0,0,0,0,0,0,0,0,0,0,0,0,0,0,0,0,0,0,0,0,0,0,0,0,0,0,0,-0.0205
138,0,0,0,0,0,0,0,0,0,0,0,0,0,0,0,0,0,0,0,0,0,0,0,0,0,0,0,0,0,0,0,0,0,0,0,0,0,0,0,0,0,0,0,0,0,0,0,0,0,0,0,0,0,0,0,0,0,0,0,0,0,0,0,0,0,0,0,0,0,0,0,0,0,0,0,0,0,0,0,0,0,0,0,0,0,0,0,0,0,0,0,0,0,0,0,0,0,0,0,-0.0205
139,0,0,0,0,0,0,0,0,0,0,0,0,0,0,0,0,0,0,0,0,0,0,0,0,0,0,0,0,0,0,0,0,0,0,0,0,0,0,0,0,0,0,0,0,0,0,0,0,0,0,0,0,0,0,0,0,0,0,0,0,0,0,0,0,0,0,0,0,0,0,0,0,0,0,0,0,0,0,0,0,0,0,0,0,0,0,0,0,0,0,0,0,0,0,0,0,0,0,0,-0.0205
140,0,0,0,0,0,0,0,0,0,0,0,0,0,0,0,0,0,0,0,0,0,0,0,0,0,0,0,0,0,0,0,0,0,0,0,0,0,0,0,0,0,0,0,0,0,0,0,0,0,0,0,0,0,0,0,0,0,0,0,0,0,0,0,0,0,0,0,0,0,0,0,0,0,0,0,0,0,0,0,0,0,0,0,0,0,0,0,0,0,0,0,0,0,0,0,0,0,0,0,-0.0205
141,0,0,0,0,0,0,0,0,0,0,0,0,0,0,0,0,0,0,0,0,0,0,0,0,0,0,0,0,0,0,0,0,0,0,0,0,0,0,0,0,0,0,0,0,0,0,0,0,0,0,0,0,0,0,0,0,0,0,0,0,0,0,0,0,0,0,0,0,0,0,0,0,0,0,0,0,0,0,0,0,0,0,0,0,0,0,0,0,0,0,0,0,0,0,0,0,0,0,0,-0.0205
142,0,0,0,0,0,0,0,0,0,0,0,0,0,0,0,0,0,0,0,0,0,0,0,0,0,0,0,0,0,0,0,0,0,0,0,0,0,0,0,0,0,0,0,0,0,0,0,0,0,0,0,0,0,0,0,0,0,0,0,0,0,0,0,0,0,0,0,0,0,0,0,0,0,0,0,0,0,0,0,0,0,0,0,0,0,0,0,0,0,0,0,0,0,0,0,0,0,0,0,-0.0187
143,0,0,0,0,0,0,0,0,0,0,0,0,0,0,0,0,0,0,0,0,0,0,0,0,0,0,0,0,0,0,0,0,0,0,0,0,0,0,0,0,0,0,0,0,0,0,0,0,0,0,0,0,0,0,0,0,0,0,0,0,0,0,0,0,0,0,0,0,0,0,0,0,0,0,0,0,0,0,0,0,0,0,0,0,0,0,0,0,0,0,0,0,0,0,0,0,0,0,0,0
144,0,0,0,0,0,0,0,0,0,0,0,0,0,0,0,0,0,0,0,0,0,0,0,0,0,0,0,0,0,0,0,0,0,0,0,0,0,0,0,0,0,0,0,0,0,0,0,0,0,0,0,0,0,0,0,0,0,0,0,0,0,0,0,0,0,0,0,0,0,0,0,0,0,0,0,0,0,0,0,0,0,0,0,0,0,0,0,0,0,0,0,0,0,0,0,0,0,0,0,0
145,0,0,0,0,0,0,0,0,0,0,0,0,0,0,0,0,0,0,0,0,0,0,0,0,0,0,0,0,0,0,0,0,0,0,0,0,0,0,0,0,0,0,0,0,0,0,0,0,0,0,0,0,0,0,0,0,0,0,0,0,0,0,0,0,0,0,0,0,0,0,0,0,0,0,0,0,0,0,0,0,0,0,0,0,0,0,0,0,0,0,0,0,0,0,0,0,0,0,0,0
146,0,0,0,0,0,0,0,0,0,0,0,0,0,0,0,0,0,0,0,0,0,0,0,0,0,0,0,0,0,0,0,0,0,0,0,0,0,0,0,0,0,0,0,0,0,0,0,0,0,0,0,0,0,0,0,0,0,0,0,0,0,0,0,0,0,0,0,0,0,0,0,0,0,0,0,0,0,0,0,0,0,0,0,0,0,0,0,0,0,0,0,0,0,0,0,0,0,0,0,0
147,0,0,0,0,0,0,0,0,0,0,0,0,0,0,0,0,0,0,0,0,0,0,0,0,0,0,0,0,0,0,0,0,0,0,0,0,0,0,0,0,0,0,0,0,0,0,0,0,0,0,0,0,0,0,0,0,0,0,0,0,0,0,0,0,0,0,0,0,0,0,0,0,0,0,0,0,0,0,0,0,0,0,0,0,0,0,0,0,0,0,0,0,0,0,0,0,0,0,0,0
148,0,0,0,0,0,0,0,0,0,0,0,0,0,0,0,0,0,0,0,0,0,0,0,0,0,0,0,0,0,0,0,0,0,0,0,0,0,0,0,0,0,0,0,0,0,0,0,0,0,0,0,0,0,0,0,0,0,0,0,0,0,0,0,0,0,0,0,0,0,0,0,0,0,0,0,0,0,0,0,0,0,0,0,0,0,0,0,0,0.079,0,0,0,0,0,0,0,0,0,0,0
149,0,0,0,0,0,0,0,0,0,0,0,0,0,0,0,0,0,0,0,0,0,0,0,0,0,0,0,0,0,0,0,0,0,0,0,0,0,0,0,0,0,0,0,0,0,0,0,0,0,0,0,0,0,0,0,0,0,0,0,0,0,0,0,0,0,0,0,0,0,0,0,0,0,0,0,0,0,0,0,0,0,0,0,0,0,0,0,0,0.079,0,0,0,0,0,0,0,0,0,0,0
150,0,0,0,0,0,0,0,0,0,0,0,0,0,0,0,0,0,0,0,0,0,0,0,0,0,0,0,0,0,0,0,0,0,0,0,0,0,0,0,0,0,0,0,0,0,0,0,0,0,0,0,0,0,0,0,0,0,0,0,0,0,0,0,0,0,0,0,0,0,0,0,0,0,0,0,0,0,0,0,0,0,0,0,0,0,0,0,0,0.079,0,0,0,0,0,0,0,0,0,0,0
151,0,0,0,0,0,0,0,0,0,0,0,0,0,0,0,0,0,0,0,0,0,0,0,0,0,0,0,0,0,0,0,0,0,0,0,0,0,0,0,0,0,0,0,0,0,0,0,0,0,0,0,0,0,0,0,0,0,0,0,0,0,0,0,0,0,0,0,0,0,0,0,0,0,0,0,0,0,0,0,0,0,0,0,0,0,0,0,0,0.079,0,0,0,0,0,0,0,0,0,0,0
152,0,0,0,0,0,0,0,0,0,0,0,0,0,0,0,0,0,0,0,0,0,0,0,0,0,0,0,0,0,0,0,0,0,0,0,0,0,0,0,0,0,0,0,0.0158,0,0,0,0,0,0,0,0,0,0,0,0,0,0,0,0,0,0,0,0,0,0,0,0,0,0,0,0,0,0,0,0,0,0,0,0,0,0,0,0,0,0,0,0,0.079,0,0,0,0,0,0,0,0,0,0,0
153,0,0,0,0,0,0,0,0,0,0,0,0,0,0,0,0,0,0,0,0,0,0,0,0,0,0,0,0,0,0,0,0,0,0,0,0,0,0,0,0,0,0,0,0,0,0,0,0,0,0,0,0,0,0,0,0,0,0,0,0,0,0,0,0,0,0,0,0,0,0,0,0,0,0,0,0,0,0,0,0,0,0,0,0,0,0,0,0,0.079,0,0,0,0,0,0,0,0,0,0,0
154,0,0,0,0,0,0,0,0,0,0,0,0,0,0,0,0,0,0,0,0,0,0,0,0,0,0,0,0,0,0,0,0,0,0,0,0,0,0,0,0,0,0,0,0,0,0,0,0,0,0,0,0,0,0,0,0,0,0,0,0,0,0,0,0,0,0,0,0,0,0,0,0,0,0,0,0,0,0,0,0,0,0,0,0,0,0,0,0,0.079,0,0,0,0,0,0,0,0,0,0,0
155,0,0,0,0,0,0,0,0,0,0,0,0,0,0,0,0,0,0,0,0,0,0,0,0,0,0,0,0,0,0,0,0,0,0,0,0,0,0,0,0,0,0,0,0,0,0,0,0,0,0,0,0,0,0,0,0,0,0,0,0,0,0,0,0,0,0,0,0,0,0,0,0,0,0,0,0,0,0,0,0,0,0,0,0,0,0,0,0,0.079,0,0,0,0,0,0,0,0,0,0,0
156,0,0,0,0,0,0,0,0,0,0,0,0,0,0,0,0,0,0,0,0,0,0,0,0,0,0,0,0,0,0,0,0,0,0,0,0,0,0,0,0,0,0,0,0,0,0,0,0,0,0,0,0,0,0,0,0,0,0,0,0,0,0,0,0,0,0,0,0,0,0,0,0,0,0,0,0,0,0,0,0,0,0,0,0,0,0,0,0,0.079,0,0,0,0,0,0,0,0,0,0,0
157,0,0,0,0,0,0,0,0,0,0,0,0,0,0,0,0,0,0,0,0,0,0,0,0,0,0,0,0,0,0,0,0,0,0,0,0,0,0,0,0,0,0,0,0,0,0,0,0,0,0,0,0,0,0,0,0,0,0,0,0,0,0,0,0,0,0,0,0,0,0,0,0,0,0,0,0,0,0,0,0,0,0,0,0,0,0,0,0,0.079,0,0,0,0,0,0,0,0,0,0,0
158,0,0,0,0,0,0,0,0,0,0,0,0,0,0,0,0,0,0,0,0,0,0,0,0,0,0,0,0,0,0,0,0,0,0,0,0,0,0,0,0,0,0,0,0,0,0,0,0,0,0,0,0,0,0,0,0,0,0,0,0,0,0,0,0,0,0,0,0,0,0,0,0,0,0,0,0,0,0,0,0,0,0,0,0,0,0,0,0,0.079,0,0,0,0,0,0,0,0,0,0,0
159,0,0,0,0,0,0,0,0,0,0,0,0,0,0,0,0,0,0,0,0,0,0,0,0,0,0,0,0,0,0,0,0,0,0,0,0,0,0,0,0,0,0,0,0,0,0,0,0,0,0,0,0,0,0,0,0,0,0,0,0,0,0,0,0,0,0,0,0,0,0,0,0,0,0,0,0,0,0,0,0,0,0,0,0,0,0,0,0,0.079,0,0,0,0,0,0,0,0,0,0,0
160,0,0,0,0,0,0,0,0,0,0,0,0,0,0,0,0,0,0,0,0,0,0,0,0,0,0,0,0,0,0,0,0,0,0,0,0,0,0,0,0,0,0,0,0,0,0,0,0,0,0,0,0,0,0,0,0,0,0,0,0,0,0,0,0,0,0,0,0,0,0,0,0,0,0,0,0,0,0,0,0,0,0,0,0,0,0,0,0,0.0441,0,0,0,0,0,0,0,0,0,0,0
161,0,0,0,0,0,0,0,0,0,0,0,0,0,0,0,0,0,0,0,0,0,0,0,0,0,0,0,0,0,0,0,0,0,0,0,0,0,0,0,0,0,0,0,0,0,0,0,0,0,0,0,0,0,0,0,0,0,0,0,0,0,0,0,0,0,0,0,0,0,0,0,0,0,0,0,0,0,0,0,0,0,0,0,0,0,0,0,0,0.0441,0,0,0,0,0,0,0,0,0,0,0
162,0,0,0,0,0,0,0,0,0,0,0,0,0,0,0,0,0,0,0,0,0,0,0,0,0,0,0,0,0,0,0,0,0,0,0,0,0,0,0,0,0,0,0,0,0,0,0,0,0,0,0,0,0,0,0,0,0,0,0,0,0,0,0,0,0,0,0,0,0,0,0,0,0,0,0,0,0,0,0,0,0,0,0,0,0,0,0,0,0.0441,0,0,0,0,0,0,0,0,0,0,0
163,0,0,0,0,0,0,0,0,0,0,0,0,0,0,0,0,0,0,0,0,0,0,0,0,0,0,0,0,0,0,0,0,0,0,0,0,0,0,0,0,0,0,0,0,0,0,0,0,0,0,0,0,0,0,0,0,0,0,0,0,0,0,0,0,0,0,0,0,0,0,0,0,0,0,0,0,0,0,0,0,0,0,0,0,0,0,0,0,0.0441,0,0,0,0,0,0,0,0,0,0,0
164,0,0,0,0,0,0,0,0,0,0,0,0,0,0,0,0,0,0,0,0,0,0,0,0,0,0,0,0,0,0,0,0,0,0,0,0,0,0,0,0,0,0,0,0,0,0,0,0,0,0,0,0,0,0,0,0,0,0,0,0,0,0,0,0,0,0,0,0,0,0,0,0,0,0,0,0,0,0,0,0,0,0,0,0,0,0,0,0,0.0441,0,0,0,0,0,0,0,0,0,0,0
165,0,0,0,0,0,0,0,0,0,0,0,0,0,0,0,0,0,0,0,0,0.1232,0,0,0,0,0,0,0,0,0,0,0,0,0,0,0,0,0,0,0,0,0,0,0,0,0,0,0,0,0,0,0,0,0,0,0,0,0,0,0,0,0,0,0,0,0,0,0,0,0,0,0,0,0,0,0,0,0,0,0,0,0,0,0,0,0,0,0,0.1081,0,0,0,0,0.0362,0,0,0,0,0,0
166,0,0,0,0,0,0,0,0,0,0,0,0,0,0,0,0,0,0,0,0,0.1232,0,0,0,0,0,0,0,0,0,0,0,0,0,0,0,0,0,0,0,0,0,0,0,0,0,0,0,0,0,0,0,0,0,0,0,0,0,0,0,0,0,0,0,0,0,0,0,0,0,0,0,0,0,0,0,0,0,0,0,0,0,0,0,0,0,0,0,0.1081,0,0,0,0,0.0362,0,0,0,0,0,0
167,0,0,0,0,0,0,0,0,0,0,0,0,0,0,0,0,0,0,0,0,0,0,0,0,0,0,0,0,0,0,0,0,0,0,0,0,0,0,0,0,0,0,0,0,0,0,0,0,0,0,0,0,0,0,0,0,0,0,0,0,0,0,0,0,0,0,0,0,0,0,0,0,0,0,0,0,0,0,0,0,0,0,0,0,0,0,0,0,0,0,0,0,0,0.0362,0,0,0,0,0,0
168,0,0,0,0,0,0,0,0,0,0,0,0,0,0,0,0,0,0,0,0,0,0,0,0,0,0,0,0,0,0,0,0,0,0,0,0,0,0,0,0,0,0,0,0,0,0,0,0,0,0,0,0,0,0,0,0,0,0,0,0,0,0,0,0,0,0,0,0,0,0,0,0,0,0,0,0,0,0,0.015,0,0,0,0,0,0,0,0,0,0,0,0,0,0,0.0362,0,0,0,0,0,0
169,0,0,0,0,0,0,0,0,0,0,0,0,0,0,0,0,0,0,0,0,0,0,0,0,0,0,0,0,0,0,0,0,0,0,0,0,0,0,0,0,0,0,0,0,0,0,0,0,0,0,0,0,0,0,0,0,0,0,0,0,0,0,0,0,0,0,0,0,0,0,0,0,0,0,0,0,0,0,0.015,0,0,0,0,0,0,0,0,0,0,0,0,0,0,0.0362,0,0,0,0,0,0
170,0,0,0,0,0,0,0,0,0,0,0,0,0,0,0,0,0,0,0,0,0,0,0,0,0,0,0,0,0,0,0,0,0,0,0,0,0,0,0,0,0,0,0,0,0,0,0,0,0,0,0,0,0,0,0,0,0,0,0,0,0,0,0,0,0,0,0,0,0,0,0,0,0,0,0,0,0,0,0,0,0,0,0,0,0,0,0,0,0,0,0,0,0,0,0,0,0,0,0,0
171,0,0,0,0,0,0,0,0,0,0,0,0,0,0,0,0,0,0,0,0,0,0,0,0,0,0,0,0,0,0,0,0,0,0,0,0,0,0,0,0,0,0,0,0,0,0,0,0,0,0,0,0,0,0,0,0,0,0,0,0,0,0,0,0,0,0,0,0,0,0,0,0,0,0,0,0,0,0,0,0,0,0,0,0,0,0,0,0,0,0,0,0,0,0,0,0,0,0,0,0
172,0,0,0,0,0,0,0,0,0,0,0,0,0,0,0,0,0,0,0,0,0,0,0,0,0,0,0,0,0,0,0,0,0,0,0,0,0,0,0,0,0,0,0,0,0,0,0,0,0,0,0,0,0,0,0,0,0,0,0,0,0,0,0,0,0,0,0,0,0,0,0,0,0,0,0,0,0,0,0,0,0,0,0,0,0,0,0,0,0,0,0,0,0,0,0,0,0,0,0,0
173,0,0,0,0,0,0,0,0,0,0,0,0,0,0,0,0,0,0,0,0,0,0,0,0,0,0,0,0,0,0,0,0,0,0,0,0,0,0,0,0,0,0,0,0,0,0,0,0,0,0,0,0,0,0,0,0,0,0,0,0,0,0,0,0,0,0,0,0,0,0,0,0,0,0,0,0,0,0,0,0,0,0,0,0,0,0,0,0,0,0,0,0,0,0,0,0,0,0,0,0
174,0,0,0,0,0,0,0,0,0,0,0,0,0,0,0,0,0,0,0,0,0,0,0,0,0,0,0,0,0,0,0,0,0,0,0,0,0,0,0,0,0,0,0,0,0,0,0,0,0,0,0,0,0,0,0,0,0,0,0,0,0,0,0,0,0,0,0,0,0,0,0,0,0,0,0,0,0,0,0,0,0,0,0,0,0,0,0,0,0,0,0,0,0,0,0,0,0,0,0,0
175,0,0,0,0,0,0,0,0,0,0,0,0,0,0,0,0,0,0,0,0,0,0,0,0,0,0,0,0,0,0,0,0,0,0,0,0,0,0,0,0,0,0,0,0,0,0,0,0,0,0,0,0,0,0,0,0,0,0,0,0,0,0,0,0,0,0,0,0,0,0,0,0,0,0,0,0,0,0,0,0,0,0,0,0,0,0,0,0,0,0,0,0,0,0,0,0,0,0,0,0
176,0,0,0,0,0,0,0,0,0,0,0,0,0,0,0,0,0,0,0,0,0,0,0,0,0,0,0,0,0,0,0,0,0,0,0,0,0,0,0,0,0,0,0,0,0,0,0,0,0,0,0,0,0,0,0,0,0,0,0,0,0,0,0,0,0,0,0,0,0,0,0,0,0,0,0,0,0,0,0,0,0,0,0,0,0,0,0,0,0,0,0,0,0,0,0,0,0,0,0,0
177,0,0,0,0,0,0,0,0,0,0,0,0,0,0,0,0,0,0,0,0,0,0,0,0,0,0,0,0,0,0,0,0,0,0,0,0,0,0,0,0,0,0,0,0,0,0,0,0,0,0,0,0,0,0,0,0,0,0,0,0,0,0,0,0,0,0,0,0,0,0,0,0,0,0,0,0,0,0,0,0,0,0,0,0,0,0,0,0,0,0,0,0,0,0,0,0,0,0,0,0
178,0,0,0,0,0,0,0,0,0,0,0,0,0,0,0,0,0,0,0,0,0,0,0,0,0,0,0,0,0,0,0,0,0,0,0,0,0,0,0,0,0,0,0,0,0,0,0,0,0,0,0,0,0,0,0,0,0,0,0,0,0,0,0,0,0,0,0,0,0,0,0,0,0,0,0,0,0,0,0,0,0,0,0,0,0,0,0,0,0,0,0,0,0,0,0,0,0,0,0,0
179,0,0,0,0,0,0,0,0,0,0,0,0,0,0,0,0,0,0,0,0,0,0,0,0,0,0,0,0,0,0,0,0,0,0,0,0,0,0,0,0,0,0,0,0,0,0,0,0,0,0,0,0,0,0,0,0,0,0,0,0,0,0,0,0,0,0,0,0,0,0,0,0,0,0,0,0,0,0,0,0,0,0,0,0,0,0,0,0,0,0,0,0,0,0,0,0,0,0,0,0
180,0,0,0,0,0,0,0,0,0,0,0,0,0,0,0,0,0,0,0,0,0,0,0,0,0,0,0,0,0,0,0,0,0,0,0,0,0,0,0,0,0,0,0,0,0,0,0,0,0,0,0,0,0,0,0,0,0,0,0,0,0,0,0,0,0,0,0,0,0,0,0,0,0,0,0,0,0,0,0,0,0,0,0,0,0,0,0,0,0,0,0,0,0,0,0,0,0,0,0,0
181,0,0,0,0,0,0,0,0,0,0,0,0,0,0,0,0,0,0,0,0,0,0,0,0,0,0,0,0,0,0,0,0,0,0,0,0,0,0,0,0,0,0,0,0,0,0,0,0,0,0,0,0,0,0,0,0,0,0,0,0,0,0,0,0,0,0,0,0,0,0,0,0,0,0,0,0,0,0,0,0,0,0,0,0,0,0,0,0,0,0,0,0,0,0,0,0,0,0,0,0
182,0,0,0,0,0,0,0,0,0,0,0,0,0,0,0,0,0,0,0,0,0,0,0,0,0,0,0,0,0,0,0,0,0,0,0,0,0,0,0,0,0,0,0,0,0,0,0,0,0,0,0,0,0,0,0,0,0,0,0,0,0,0,0,0,0,0,0,0,0,0,0,0,0,0,0,0,0,0,0,0,0,0,0,0,0,0,0,0,0,0,0,0,0,0,0,0,0,0,0,0
183,0,0,0,0,0,0,0,0,0,0,0,0,0,0,0,0,0,0,0,0,0,0,0,0,0,0,0,0,0,0,0,0,0,0,0,0,0,0,0,0,0,0,0,0,0,0,0,0,0,0,0,0,0,0,0,0,0,0,0,0,0,0,0,0,0,0,0,0,0,0,0,0,0,0,0,0,0,0,0,0,0,0,0,0,0,0,0,0,0,0,0,0,0,0,0,0,0,0,0,0
184,0,0,0,0,0,0,0,0,0,0,0,0,0,0,0,0,0,0,0,0,0,0,0,0,0,0,0,0,0,0,0,0,0,0,0,0,0,0,0,0,0,0,0,0,0,0,0,0,0,0,0,0,0,0,0,0,0,0,0,0,0,0,0,0,0,0,0,0,0,0,0,0,0,0,0,0,0,0,0,0,0,0,0,0,0,0,0,0,0,0,0,0,0,0,0,0,0,0,0,0
185,0,0,0,0,0,0,0,0,0,0,0,0,0,0,0,0,0,0,0,0,0,0,0,0,0,0,0,0,0,0,0,0,0,0,0,0,0,0,0,0,0,0,0,0,0,0,0,0,0,0,0,0,0,0,0,0,0,0,0,0,0,0,0,0,0,0,0,0,0,0,0,0,0,0,0,0,0,0,0,0,0,0,0,0,0,0,0,0,0,0,0,0,0,0,0,0,0,0,0,0
186,0,0,0,0,0,0,0,0,0,0,0,0,0,0,0,0,0,0,0,0,0,0,0,0,0,0,0,0,0,0,0,0,0,0,0,0,0,0,0,0,0,0,0,0,0,0,0,0,0,0,0,0,0,0,0,0,0,0,0,0,0,0,0,0,0,0,0,0,0,0,0,0,0,0,0,0,0,0,0,0,0,0,0,0,0,0,0,0,0,0,0,0,0,0,0,0,0,0,0,0
187,0,0,0,0,0,0,0,0,0,0,0,0,0,0,0,0,0,0,0,0,0,0,0,0,0,0,0,0,0,0,0,0,0,0,0,0,0,0,0,0,0,0,0,0,0,0,0,0,0,0,0,0,0,0,0,0,0,0,0,0,0,0,0,0,0,0,0,0,0,0,0,0,0,0,0,0,0,0,0,0,0,0,0,0,0,0,0,0,0,0,0,0,0,0,0,0,0,0,0,0
188,-0.1431,-0.172,-0.1234,0,0,-0.1189,-0.1438,0,-0.2064,0,-0.1617,0,0,-0.1663,-0.1708,0,0,0,0,0,0,-0.1838,0,0,0,0,0,-0.1369,-0.1376,0,0,-0.1405,-0.266,-0.1301,0,0,0,-0.1815,-0.122,0,-0.1649,-0.1198,0,0,-0.1226,-0.1199,-0.1787,0,0,-0.1347,0,-0.1599,-0.1839,-0.1625,0,0,-0.1194,-0.1195,-0.1641,-0.1299,-0.1436,0,0,-0.1951,-0.1234,0,-0.1679,0,0,-0.0012,-0.1987,0,-0.2165,0,0,0,0,-0.1151,0,0,0,0,-0.1272,-0.1709,0,0,0,-0.15,0,0,0,0,-0.1117,0,0,0,-0.1284,-0.1093,0,0
189,-0.1431,-0.172,-0.1234,0,0,-0.1189,-0.1438,0,-0.2064,0,-0.1617,-0.1047,0,-0.1663,-0.1708,0,-0.1471,0,-0.1744,0,0,-0.1838,-0.1446,-0.1212,-0.1814,-0.0872,-0.0822,-0.1369,-0.1376,-0.1332,0,-0.1405,-0.266,-0.1301,0,-0.1068,0,-0.1815,-0.122,-0.1525,-0.1649,-0.1198,0,0,-0.1226,-0.1199,-0.1787,-0.099,-0.1597,-0.1347,0,-0.1599,-0.1839,-0.1625,0,0,-0.1194,-0.1195,-0.1641,-0.1299,-0.1436,0,0,-0.1951,-0.1234,0,-0.1679,-0.0364,0,-0.0879,-0.1987,0,-0.2165,0,0,0,0,-0.1151,0,-0.1193,-0.0897,-0.0742,-0.1272,-0.1709,0,0,0,-0.15,-0.153,0,0,-0.1134,-0.1117,0,0,0,-0.1284,-0.1093,0,0
190,-0.1431,-0.172,-0.1234,-0.1513,-0.0914,-0.1189,-0.1438,0,-0.2064,0,-0.1617,-0.1047,0,-0.1663,-0.1708,0,-0.1471,-0.2056,-0.1744,-0.1238,0,-0.1838,-0.185,-0.1212,-0.1814,-0.0872,-0.0822,-0.1369,-0.1376,-0.1332,-0.1232,-0.1405,-0.266,-0.1301,-0.1996,-0.1068,0,-0.1815,-0.122,-0.1525,-0.1649,-0.1198,0,-0.2218,-0.1226,-0.1199,-0.1787,-0.099,-0.1597,-0.1347,-0.2204,-0.1599,-0.1839,-0.1625,-0.1641,0,-0.1194,-0.1195,-0.1641,-0.1299,-0.1436,0,0,-0.1951,-0.1234,0,-0.1679,-0.0364,0,-0.0879,-0.1987,-0.1449,-0.2165,0,0,0,-0.1129,-0.1151,0,-0.1193,-0.0897,-0.0742,-0.1272,-0.1709,0,0,0,-0.15,-0.153,-0.093,0,-0.1134,-0.1117,0,0,0,-0.1284,-0.1093,-0.1016,0
191,-0.1431,-0.172,-0.1234,-0.1513,-0.0914,-0.1189,-0.1438,-0.2735,-0.2064,-0.2541,-0.1617,-0.1047,-0.1854,-0.1663,-0.1708,-0.1673,-0.1471,-0.2056,-0.1744,-0.1238,-0.2028,-0.1838,-0.185,-0.1212,-0.1814,-0.0872,-0.0822,-0.1369,-0.1376,-0.1332,-0.1232,-0.1405,-0.266,-0.1301,-0.1996,-0.1068,-0.3075,-0.1815,-0.122,-0.1525,-0.1649,-0.1198,-0.3028,-0.2218,-0.1226,-0.1199,-0.1787,-0.099,-0.1597,-0.1347,-0.2204,-0.1599,-0.1839,-0.1625,-0.1641,-0.2228,-0.1194,-0.1195,-0.1641,-0.1299,-0.1436,-0.2821,-0.2221,-0.1951,-0.1234,-0.415,-0.1679,-0.0364,-0.2085,-0.0879,-0.1987,-0.1449,-0.2165,-0.1805,-0.2579,-0.1668,-0.1395,-0.1151,-0.2947,-0.1193,-0.0897,-0.0742,-0.1272,-0.1709,-0.1499,-0.1908,-0.1688,-0.15,-0.153,-0.1341,-0.2748,-0.1134,-0.1117,-0.1908,-0.1761,-0.3789,-0.1284,-0.1093,-0.1016,-0.182
192,-0.1431,-0.172,-0.1234,-0.1513,-0.0914,-0.1189,-0.1438,-0.2735,-0.2064,-0.2541,-0.1617,-0.1047,-0.1854,-0.1663,-0.1708,-0.1673,-0.1471,-0.2056,-0.1744,-0.1238,-0.2028,-0.1838,-0.185,-0.1212,-0.1814,-0.0872,-0.0822,-0.1369,-0.1376,-0.1332,-0.1232,-0.1405,-0.266,-0.1301,-0.1996,-0.1068,-0.3075,-0.1815,-0.122,-0.1525,-0.1649,-0.1198,-0.3028,-0.2218,-0.1226,-0.1199,-0.1787,-0.099,-0.1597,-0.1347,-0.2204,-0.1599,-0.1839,-0.1625,-0.1641,-0.2228,-0.1194,-0.1195,-0.1641,-0.1299,-0.1436,-0.2821,-0.2221,-0.1951,-0.1234,-0.415,-0.1679,-0.0364,-0.2085,-0.0879,-0.1987,-0.1449,-0.2165,-0.1805,-0.2579,-0.1668,-0.1395,-0.1151,-0.2947,-0.1193,-0.0897,-0.0742,-0.1272,-0.1709,-0.1499,-0.1908,-0.1688,-0.15,-0.153,-0.1341,-0.2748,-0.1134,-0.1117,-0.2034,-0.1761,-0.3789,-0.1284,-0.1093,-0.1016,-0.182
193,-0.1431,-0.172,-0.1234,-0.1513,-0.0914,-0.1189,-0.1438,-0.2735,-0.2064,-0.2541,-0.1617,-0.1047,-0.1854,-0.1663,-0.1708,-0.1673,-0.1471,-0.2056,-0.1744,-0.1238,-0.2028,-0.1838,-0.185,-0.1212,-0.1814,-0.0872,-0.0822,-0.1369,-0.1376,-0.1332,-0.1232,-0.1405,-0.266,-0.1301,-0.1996,-0.1068,-0.3075,-0.1815,-0.122,-0.1525,-0.1649,-0.1198,-0.3028,-0.2218,-0.1226,-0.1199,-0.1787,-0.099,-0.1597,-0.1347,-0.2204,-0.1599,-0.1839,-0.1625,-0.1641,-0.2228,-0.1194,-0.1195,-0.1641,-0.1299,-0.1436,-0.1406,-0.2141,-0.1951,-0.1234,-0.279,-0.1679,-0.0364,-0.187,-0.0879,-0.1987,-0.1449,-0.2165,-0.1805,0,-0.1668,-0.1395,-0.1151,-0.2947,-0.1193,-0.0897,-0.0742,-0.1272,-0.1709,-0.1499,-0.1908,-0.1688,-0.15,-0.153,-0.1341,-0.24,-0.1134,-0.1117,-0.2034,0,-0.3739,-0.1284,-0.1093,-0.1016,-0.182
194,-0.1431,-0.172,-0.1234,0,-0.0914,-0.1189,-0.1438,-0.1167,-0.2064,0,-0.1617,-0.1007,0,-0.1663,-0.1708,0,-0.1471,0,0,-0.1238,0,-0.1838,-0.185,-0.1212,0,-0.0872,-0.0163,-0.1369,-0.1376,-0.125,0,-0.1405,-0.266,-0.1301,-0.1996,-0.1068,0,-0.1815,-0.122,-0.1474,-0.1649,-0.1198,0,0,-0.1226,-0.1199,-0.1787,-0.099,-0.1392,-0.1347,-0.2204,-0.1599,-0.1839,-0.1625,-0.1641,0,-0.1194,-0.1195,-0.1641,-0.1299,-0.1436,0,0,-0.1951,-0.1234,0,-0.1679,-0.0364,0,-0.0879,-0.1987,0,-0.2165,0,0,0,0,-0.1151,0,-0.1193,-0.0897,-0.0742,-0.1272,-0.1709,0,0,0,-0.15,-0.153,-0.1304,0,-0.1134,-0.1117,0,0,0,-0.1284,-0.1093,-0.1016,-0.182
195,-0.1431,-0.172,-0.1234,0,-0.0914,-0.1189,-0.1438,-0.1167,-0.2064,0,-0.1617,-0.1007,-0.0521,-0.1663,-0.1708,0,-0.1471,0,0,-0.1238,0,-0.1838,-0.185,-0.1212,0,-0.0872,-0.0163,-0.1369,-0.1376,-0.125,0,-0.1405,-0.266,-0.1301,-0.1996,-0.1818,0,-0.1815,-0.122,-0.1474,-0.1649,-0.1198,0,0,-0.1226,-0.1199,-0.1787,-0.099,-0.1392,-0.1347,-0.2204,-0.1599,-0.1839,-0.1625,-0.1641,0,-0.1194,-0.1195,-0.1641,-0.1299,-0.1436,0,0,-0.1951,-0.1234,0,-0.1679,-0.0364,0,-0.0879,-0.1987,0,-0.2165,0,0,0,0,-0.1151,0,-0.1193,-0.0897,-0.0742,-0.1272,-0.1709,0,0,0,-0.15,-0.153,-0.1304,0,-0.1134,-0.1117,0,0,0,-0.1284,-0.1093,-0.1016,-0.182
196,-0.1431,-0.172,-0.1234,0,-0.0914,-0.1189,-0.1438,-0.1167,-0.2064,0,-0.1617,-0.1007,-0.0521,-0.1663,-0.1708,-0.0535,-0.1471,0,0,-0.1238,0,-0.1838,-0.185,-0.0808,0,-0.0872,-0.0163,-0.1369,-0.0516,-0.0395,0,-0.1405,-0.266,-0.1038,0,-0.1818,0,-0.1815,-0.122,-0.0131,-0.1649,-0.1198,0,0,-0.1226,-0.1199,-0.1787,-0.099,-0.0855,-0.1347,-0.2204,-0.1599,-0.1839,-0.1625,-0.0311,0,0,-0.0126,-0.1641,-0.1299,-0.1436,0,0,-0.1951,-0.1234,0,-0.1679,-0.0068,0,0,-0.1987,0,-0.2165,0,0,0,0,-0.1151,0,0,-0.0897,-0.0742,-0.1272,-0.1709,0,0,0,-0.15,-0.0744,0,0,-0.0638,-0.1117,0,0,0,-0.1284,-0.1093,0,-0.0218
197,-0.1431,-0.172,-0.0133,0,-0.0914,0,-0.0782,-0.1167,0,0,-0.1617,-0.1007,-0.0521,0,0,-0.0535,-0.1471,0,0,-0.1238,0,0,-0.185,-0.0808,0,-0.0872,-0.0163,0,0,-0.0395,0,0,-0.0144,-0.1038,0,-0.1818,0,0,-0.0728,-0.0131,0,0,0,0,0,-0.1199,0,-0.0015,-0.0855,0,-0.2204,-0.1502,-0.1216,-0.1625,-0.0311,0,0,-0.0126,-0.0564,-0.1299,-0.1436,0,0,0,-0.1234,0,0,-0.0068,0,0,-0.1987,0,-0.2165,0,0,0,0,0,0,0,-0.0897,-0.0742,-0.1272,0,0,0,0,-0.15,-0.0744,0,0,0,0,0,0,0,-0.1284,-0.1093,0,-0.0218
198,-0.1431,0,-0.0133,0,-0.0914,0,-0.0782,-0.1167,0,0,-0.1617,-0.1007,-0.0521,0,0,-0.0535,-0.1471,0,0,-0.1238,0,0,-0.185,-0.0808,0,-0.0872,-0.0163,0,0,-0.0395,0,0,-0.0144,-0.1038,0,-0.1818,0,0,-0.0728,-0.0131,0,0,0,0,0,-0.1199,0,-0.0015,-0.0855,0,-0.2204,-0.1502,-0.1216,-0.1625,-0.0311,0,0,-0.0126,-0.0123,-0.1299,-0.1436,0,0,0,-0.1234,0,0,-0.0068,0,0,-0.1572,0,0,0,0,0,0,0,0,0,-0.0897,-0.0742,-0.1272,0,0,0,0,-0.15,-0.0744,0,0,0,0,0,0,0,-0.1284,-0.1093,0,-0.0218
199,0,0,-0.0133,0,-0.0914,0,-0.0121,-0.1167,0,0,0,-0.1007,0,0,0,-0.0535,-0.0739,0,0,-0.1238,0,0,-0.185,-0.0808,0,-0.0872,-0.0163,0,0,-0.0395,0,0,-0.0144,0,0,-0.1818,0,0,0,-0.0131,0,0,0,0,0,0,0,0,-0.0855,0,-0.2204,0,0,0,-0.0311,0,0,-0.0126,0,0,0,0,0,0,0,0,0,-0.0068,0,0,0,0,0,0,0,0,0,0,0,0,-0.0897,-0.0742,-0.1239,0,0,0,0,-0.15,-0.0744,0,0,0,0,0,0,0,0,0,0,-0.0218
200,0,0,-0.0133,0,0,0,-0.0121,0,0,0,0,-0.0355,0,0,0,0,0,0,0,0,0,0,0,0,0,0,0,0,0,0,0,0,-0.0144,0,0,0,0,0,0,-0.0131,0,0,0,0,0,0,0,0,0,0,0,0,0,0,0,0,0,0,0,0,0,0,0,0,0,0,0,0,0,0,0,0,0,0,0,0,0,0,0,0,0,-0.0132,0,0,0,0,0,-0.0544,-0.0744,0,0,0,0,0,0,0,0,0,0,0
201,0,0,-0.0133,0,0,0,-0.0121,0,0,0,0,-0.0355,0,0,0,0,0,0,0,0,0,0,0,0,0,0,0,0,0,0,0,0,-0.0144,0,0,0,0,0,0,-0.0131,0,0,0,0,0,0,0,0,0,0,0,0,0,0,0,0,0,0,0,0,0,0,0,0,0,0,0,0,0,0,0,0,0,0,0,0,0,0,0,0,0,-0.0132,0,0,0,0,0,-0.0544,-0.0744,0,0,0,0,0,0,0,0,0,0,0
202,0,0,-0.0133,0,0,0,-0.0121,0,0,0,0,-0.0355,0,0,0,0,0,0,0,0,0,0,0,0,0,0,0,0,0,0,0,0,-0.0144,0,0,0,0,0,0,-0.0131,0,0,0,0,0,0,0,0,0,0,0,0,0,0,0,0,0,0,0,0,0,0,0,0,0,0,0,0,0,0,0,0,0,0,0,0,0,0,0,0,0,-0.0132,0,0,0,0,0,-0.0544,-0.0744,0,0,0,0,0,0,0,0,0,0,0
203,0,0,-0.0133,0,0,0,-0.0121,0,0,0,0,-0.0355,0,0,0,0,0,0,0,0,0,0,0,0,0,0,0,0,0,0,0,0,-0.0144,0,0,0,0,0,0,-0.0131,0,0,0,0,0,0,0,0,0,0,0,0,0,0,0,0,0,0,0,0,0,0,0,0,0,0,0,0,0,0,0,0,0,0,0,0,0,0,0,0,0,-0.0132,0,0,0,0,0,-0.0544,-0.0744,0,0,0,0,0,0,0,0,0,0,0
204,0,0,-0.0133,0,0,0,-0.0121,0,0,0,0,-0.0092,0,0,0,0,0,0,0,0,0,0,0,0,0,0,0,0,0,0,0,0,-0.0144,0,0,0,0,0,0,-0.0131,0,0,0,0,0,0,0,0,0,0,0,0,0,0,0,0,0,0,0,0,0,0,0,0,0,0,0,0,0,0,0,0,0,0,0,0,0,0,0,0,0,-0.0132,0,0,0,0,0,-0.0544,-0.046,0,0,0,0,0,0,0,0,0,0,0
205,0,0,-0.0133,0,0,0,-0.0121,0,0,0,0,-0.0092,0,0,0,0,0,0,0,0,0,0,0,0,0,0,0,0,0,0,0,0,-0.0144,0,0,0,0,0,0,-0.0131,0,0,0,0,0,0,0,0,0,0,0,0,0,0,0,0,0,0,0,0,0,0,0,0,0,0,0,0,0,0,0,0,0,0,0,0,0,0,0,0,0,-0.0132,0,0,0,0,0,-0.0544,-0.046,0,0,0,0,0,0,0,0,0,0,0
206,0,0,-0.0133,0,0,-0.0179,-0.0121,0,0,0,0,-0.0092,0,0,0,0,0,0,0,0,0,0,0,0,0,0,0,0,0,0,0,0,-0.0144,0,0,0,0,0,0,-0.0131,0,0,0,0,0,0,0,0,0,0,0,0,0,0,0,0,0,0,0,0,0,0,0,0,0,0,0,0,0,-0.0196,0,0,0,0,0,0,0,0,0,0,0,-0.0132,0,0,0,0,0,-0.0544,-0.046,0,0,0,0,0,0,0,0,0,0,0
207,0,0,-0.0133,0,0,-0.0179,-0.0121,0,0,0,0,-0.0092,0,0,0,0,0,0,0,0,0,0,0,0,0,0,0,0,0,0,0,0,-0.0144,0,0,0,0,0,0,-0.0131,0,0,0,0,0,0,0,0,0,0,0,0,0,0,0,0,0,0,0,0,0,0,0,0,0,0,0,0,0,-0.0196,0,0,0,0,0,0,0,0,0,-0.0218,0,-0.0132,0,0,0,0,0,-0.0544,-0.046,0,0,0,0,0,0,0,0,0,0,0
208,0,0,-0.0133,0,0,-0.0179,-0.0121,0,0,0,0,-0.0092,0,0,0,0,0,0,0,0,0,0,0,0,0,0,0,0,0,0,0,0,-0.0144,0,0,0,0,0,0,-0.0131,0,0,0,0,0,0,0,0,0,0,0,0,0,0,0,0,0,0,0,0,0,0,0,0,0,0,0,0,0,-0.0196,0,0,0,0,0,0,0,0,0,-0.0218,0,-0.0132,0,0,0,0,0,-0.0544,-0.046,0,0,0,0,0,0,0,0,0,0,0
209,0,0,-0.0133,0,0,-0.0179,-0.0121,0,0,0,0,-0.0092,0,0,0,0,0,0,0,-0.0692,0,0,0,0,0,0,0,0,0,0,0,0,-0.0144,0,0,0,0,0,0,-0.0131,0,0,0,0,0,0,0,0,0,0,0,0,0,0,0,0,0,0,0,0,0,0,0,0,0,0,0,0,0,-0.0196,0,0,0,0,0,0,0,0,0,-0.0218,0,-0.0132,0,0,-0.0311,0,0,-0.0544,-0.046,0,0,0,0,0,0,0,0,0,0,0
210,0,0,-0.0133,0,0,-0.0179,-0.0121,0,0,0,0,-0.0092,0,0,0,-0.1066,0,-0.0426,0,-0.0692,-0.0754,0,0,0,0,0,0,0,0,0,-0.0137,0,-0.0144,0,0,-0.0205,0,0,0,-0.0131,0,0,0,0,0,0,0,0,0,0,0,0,0,0,0,0,0,0,0,0,0,0,-0.1019,0,0,0,0,0,0,-0.0196,0,-0.0599,0,0,0,0,0,0,0,-0.0218,0,-0.0132,0,0,-0.0311,0,0,-0.0544,-0.046,0,0,0,0,0,0,0,0,0,0,0
211,0,0,-0.0133,0,0,-0.0179,-0.0121,0,0,0,0,-0.0092,0,0,0,-0.1066,0,-0.0426,0,-0.0692,-0.0754,0,0,0,0,-0.0085,0,0,0,0,-0.0137,0,-0.0144,0,0,-0.0205,0,0,0,-0.0131,0,0,0,0,0,0,0,0,0,0,0,0,0,0,0,0,0,0,0,0,0,0,-0.1019,0,0,0,0,0,0,-0.0196,0,-0.0599,0,0,0,0,0,0,0,-0.0218,0,-0.0132,0,0,-0.0311,0,0,-0.0544,-0.046,0,0,0,0,0,0,0,0,0,0,0
212,0,0,-0.0133,0,0,-0.0179,-0.0121,0,0,0,0,-0.0092,0,0,0,-0.1066,0,-0.0426,0,-0.0692,-0.0754,0,0,0,0,-0.0085,0,0,0,0,-0.0137,0,-0.0144,0,0,-0.0205,0,0,0,-0.0131,0,0,0,0,0,0,0,0,0,0,0,0,0,0,0,0,0,0,0,0,0,0,0,0,0,0,0,0,0,-0.0196,0,-0.0599,0,0,0,0,0,0,0,-0.0218,0,-0.0132,0,0,-0.0311,0,0,-0.0544,-0.046,0,0,0,0,0,0,0,0,0,0,0
213,0,0,-0.0133,0,0,-0.0179,-0.0121,0,0,0,0,-0.0092,0,0,0,0,0,-0.0426,0,-0.0692,-0.0754,0,0,0,0,-0.0085,0,0,0,0,0,0,-0.0144,0,0,-0.0205,0,0,0,-0.0131,0,0,0,0,0,0,0,0,0,0,0,0,0,0,0,0,0,0,0,0,0,0,0,0,0,0,0,0,0,-0.0196,0,0,0,0,0,0,0,0,0,-0.0218,0,-0.0132,0,0,-0.0311,0,0,-0.0544,-0.046,0,0,0,0,0,0,0,0,0,0,0
214,0,0,-0.0133,0,0,-0.0179,-0.0121,0,0,0,0,0,0,0,0,0,0,0,0,0,0,0,0,0,0,-0.0085,0,0,0,0,0,0,-0.0144,0,0,0,0,0,0,0,0,0,0,0,0,0,0,0,0,0,0,0,0,0,0,0,0,0,0,0,0,0,0,0,0,0,0,0,0,-0.0196,0,0,0,0,0,0,0,0,0,-0.0218,0,0,0,0,0,0,0,0,0,0,0,0,0,0,0,0,0,0,0,0
215,0,0,-0.0133,0,0,0,-0.0121,0,0,0,0,0,0,0,0,0,0,0,0,0,0,0,0,0,0,-0.0085,0,0,0,0,0,0,-0.0144,0,0,0,0,0,0,0,0,0,0,0,0,0,0,0,0,0,0,0,0,0,0,0,0,0,0,0,0,0,0,0,0,0,0,0,0,0,0,0,0,0,0,0,0,0,0,0,0,0,0,0,0,0,0,0,0,0,0,0,0,0,0,0,0,0,0,0
216,0,0,-0.0133,0,0,0,-0.0121,0,0,0,0,0,0,0,0,0,0,0,0,0,0,0,0,0,0,-0.0085,0,0,0,0,0,0,-0.0144,0,0,0,0,0,0,0,0,0,0,0,0,0,0,0,0,0,0,0,0,0,0,0,0,0,0,0,0,0,0,0,0,0,0,0,0,0,0,0,0,0,0,0,0,0,0,0,0,0,0,0,0,0,0,0,0,0,0,0,0,0,0,0,0,0,0,0
217,0,0,0,0,0,0,-0.0121,-0.0675,0,0,0,0,0,0,0,0,0,0,0,0,0,0,0,0,0,-0.0085,0,0,0,0,0,0,-0.0144,0,0,0,0,0,0,0,0,0,0,0,0,0,0,0,0,0,0,0,0,0,0,0,0,0,0,0,0,0,0,0,0,0,0,0,0,0,0,0,0,0,0,0,0,0,0,0,0,0,0,0,0,0,0,0,0,0,0,0,0,0,0,0,0,0,0,0
218,0,0,0,0,-0.0068,0,-0.0121,-0.0675,0,0,0,0,0,0,0,-0.0982,0,0,0,0,0,0,0,0,0,-0.0085,0,0,0,0,0,0,-0.0144,0,0,0,0,0,0,0,0,0,0,0,0,0,0,0,0,0,0,0,0,0,0,0,0,0,0,0,0,0,0,0,0,0,0,0,0,0,0,0,0,0,0,0,0,0,0,0,0,0,0,0,0,0,0,0,0,0,0,0,0,0,0,0,0,0,0,0
219,0,0,0,0,-0.029,0,-0.0121,-0.0675,0,0,0,0,0,0,0,-0.0982,0,0,0,0,0,0,0,0,0,-0.0085,-0.0055,0,0,0,0,0,-0.0144,0,0,0,0,0,0,0,0,0,0,0,0,0,0,0,0,0,0,0,0,0,0,0,0,0,0,0,0,0,0,0,0,0,0,0,0,0,0,0,0,0,0,0,0,0,0,0,0,0,0,0,0,0,0,0,0,0,0,0,0,0,0,0,0,0,0,0
220,0,0,0,0,-0.029,0,0,0,0,0,0,0,0,0,0,0,0,0,0,0,0,0,0,0,0,0,-0.0055,0,0,0,0,0,0,0,0,0,0,0,0,0,0,0,0,0,0,0,0,0,0,0,0,0,0,0,0,0,0,0,0,0,0,0,0,0,0,0,0,0,0,0,0,0,0,0,0,0,0,0,0,0,0,0,0,0,0,0,0,0,0,0,0,0,0,0,0,0,0,0,0,0
221,0,0,0,0,-0.029,0,0,0,0,0,0,0,0,0,0,0,0,0,0,0,0,0,0,0,0,0,-0.0055,0,0,0,0,0,0,0,0,0,0,0,0,0,0,0,0,0,0,0,0,0,0,0,0,0,0,0,0,0,0,0,0,0,0,0,0,0,0,0,0,0,0,0,0,0,0,0,0,0,0,0,0,0,0,0,0,0,0,0,0,0,0,0,0,0,0,0,0,0,0,0,0,0
222,0,0,0,0,0,0,0,0,0,0,0,0,0,0,0,0,0,0,0,0,0,0,0,0,0,0,0,0,0,0,0,0,0,0,0,0,0,0,0,0,0,0,0,0,0,0,0,0,0,0,0,0,0,0,0,0,0,0,0,0,0,0,0,0,0,0,0,0,0,0,0,0,0,0,0,0,0,0,0,0,0,0,0,0,0,0,0,0,0,0,0,0,0,0,0,0,0,0,0,0
223,0,0,0,0,0,0,0,0,0,0,0,0,0,0,0,0,0,0,0,0,0,0,0,0,0,0,0,0,0,0,0,0,0,0,0,0,0,0,0,0,0,0,0,0,0,0,0,0,0,0,0,0,0,0,0,0,0,0,0,0,0,0,0,0,0,0,0,0,0,0,0,0,0,0,0,0,0,0,0,0,0,0,0,0,0,0,0,0,0,0,0,0,0,0,0,0,0,0,0,0
224,0,0,0,0,0,0,0,0,0,0,0,0,0,0,0,0,0,0,0,0,0,0,0,0,0,0,0,0,0,0,0,0,0,0,0,0,0,0,0,0,0,0,0,0,0,0,0,0,0,0,0,0,0,0,0,0,0,0,0,0,0,0,0,0,0,0,0,0,0,0,0,0,0,0,0,0,0,0,0,0,0,0,0,0,0,0,0,0,0,0,0,0,0,0,0,0,0,0,0,0
225,0,0,0,0,0,0,0,0,0,0,0,0,0,0,0,0,0,0,0,0,0,0,0,0,0,0,0,0,0,0,0,0,0,0,0,0,0,0,0,0,0,0,0,0,0,0,0,0,0,0,0,0,0,0,0,0,0,0,0,0,0,0,0,0,0,0,0,0,0,0,0,0,0,0,0,0,0,0,0,0,0,0,0,0,0,0,0,0,0,0,0,0,0,0,0,0,0,0,0,0
226,0,0,0,0,0,0,0,0,0,0,0,0,0,0,0,0,0,0,0,0,0,0,0,0,0,0,0,0,0,0,0,0,0,0,0,0,0,0,0,0,0,0,0,0,0,0,0,0,0,0,0,0,0,0,0,0,0,0,0,0,0,0,0,0,0,0,0,0,0,0,0,0,0,0,0,0,0,0,0,0,0,0,0,0,0,0,0,0,0,0,0,0,0,0,0,0,0,0,0,0
227,0,0,0,0,0,0,0,0,0,0,0,0,0,0,0,0,0,0,0,0,0,0,0,0,0,0,0,0,0,0,0,0,0,0,0,0,0,0,0,0,0,0,0,0,0,0,0,0,0,0,0,0,0,0,0,0,0,0,0,0,0,0,0,0,0,0,0,0,0,0,0,0,0,0,0,0,0,0,0,0,0,0,0,0,0,0,0,0,0,0,0,0,0,0,0,0,0,0,0,0
228,0,0,0,0,0,0,0,0,0,0,0,0,0,0,0,0,0,0,0,0,0,0,0,0,0,0,0,0,0,0,0,0,0,0,0,0,0,0,0,0,0,0,0,0,0,0,0,0,0,0,0,0,0,0,0,0,0,0,0,0,0,0,0,0,0,0,0,0,0,0,0,0,0,0,0,0,0,0,0,0,0,0,0,0,0,0,0,0,0,0,0,0,0,0,0,0,0,0,0,0
229,0,0,0,0,0,0,0,0,0,0,0,0,0,0,0,0,0,0,0,0,0,0,0,0,0,0,0,0,0,0,0,0,0,0,0,0,0,0,0,0,0,0,0,0,0,0,0,0,0,0,0,0,0,0,0,0,0,0,0,0,0,0,0,0,0,0,0,0,0,0,0,0,0,0,0,0,0,0,0,0,0,0,0,0,0,0,0,0,0,0,0,0,0,0,0,0,0,0,0,0
230,0,0,0,0,0,0,0,0,0,0,0,0,0,0,0,0,0,0,0,0,0,0,0,0,0,0,0,0,0,0,0,0,0,0,0,0,0,0,0,0,0,0,0,0,0,0,0,0,0,0,0,0,0,0,0,0,0,0,0,0,0,0,0,0,0,0,0,0,0,0,0,0,0,0,0,0,0,0,0,0,0,0,0,0,0,0,0,0,0,0,0,0,0,0,0,0,0,0,0,0
231,0.1545,0.2551,0.3888,0.4232,0.3243,0.4157,0.2861,0.4672,0.2445,0.5335,0.2747,0.3155,0.3687,0.2981,0.3524,0.5397,0.2989,0.2308,0.6541,0.3206,0.382,0.1048,0.3542,0.4416,0.4192,0.3773,0.3369,0.3195,0.3403,0.3142,0.464,0.3112,0.29,0.4363,0.409,0.3518,0.3229,0.4086,0.335,0.4747,0.3243,0.2765,0.2871,0.3153,0.4003,0.4588,0.2376,0.5685,0.3236,0.3474,0.371,0.0222,0.2497,0.1778,0.3133,0.3224,0.3792,0.4341,0.0389,0.3514,0.3099,0.3642,0.4001,0.2715,0.4228,0.4328,0.2949,0.4298,0.4032,0.3702,0.2804,0.6406,0.1567,0.316,0.5043,0.5745,0.3701,0.4159,0,0.2418,0.4919,0.5352,0.3429,0.2599,0.7427,0.2543,0,0.2548,0.4134,0,0.4044,0.38,0.218,0.484,0.5517,0.2959,0.0425,0.3111,0.4912,0.4718
232,0.1545,0.2551,0.3888,0.4232,0.3243,0.4157,0.2861,0.4672,0.2445,0.5335,0.2747,0.3155,0.3687,0.2981,0.3524,0.5397,0.2989,0.2308,0.6541,0.3206,0.382,0.1048,0.3952,0.4416,0.4192,0.3773,0.3863,0.3195,0.3403,0.3142,0.4855,0.3112,0.29,0.4363,0.409,0.3518,0.3229,0.4086,0.335,0.4747,0.3243,0.2765,0.6203,0.4557,0.4003,0.4588,0.2376,0.5685,0.4786,0.3474,0.371,0.0222,0.2497,0.1778,0.3133,0.6983,0.3792,0.4341,0.0389,0.3514,0.3099,0.6008,0.4001,0.2715,0.4228,0.4943,0.2949,0.4298,0.4032,0.3702,0.2804,0.6406,0.1567,0.316,0.5043,0.5448,0.3872,0.4159,0.4854,0.2418,0.4919,0.5352,0.3429,0.2599,0.4197,0.3285,0.8605,0.2548,0.4134,0.6881,0.6145,0.38,0.218,0.484,0.5517,0.2959,0.0425,0.3111,0.4912,0.4718
233,0.1545,0.2551,0.3888,0.4232,0.3243,0.4157,0.2861,0.4672,0.2445,0.5335,0.2747,0.3155,0.3687,0.2981,0.3524,0.5397,0.2989,0.2308,0.6541,0.3206,0.382,0.1048,0.3952,0.4416,0.4192,0.3773,0.3863,0.3195,0.3403,0.3142,0.4855,0.3112,0.29,0.4363,0.409,0.3518,0.3229,0.4086,0.335,0.4747,0.3243,0.2765,0.6203,0.4557,0.4003,0.4588,0.2376,0.5685,0.4786,0.3474,0.371,0.0222,0.2497,0.1778,0.3133,0.6983,0.3792,0.4341,0.0389,0.3514,0.3099,0.6008,0.4001,0.2715,0.4228,0.4943,0.2949,0.4298,0.4032,0.3702,0.2804,0.6406,0.1567,0.316,0.5043,0.5448,0.3872,0.4159,0.4854,0.2418,0.4919,0.5352,0.3429,0.2599,0.4197,0.3285,0.8605,0.2548,0.4134,0.6881,0.6145,0.38,0.218,0.484,0.5517,0.2959,0.0425,0.3111,0.4912,0.4718
234,0.1545,0.2551,0.3888,0.4091,0.3243,0.4157,0.2861,0.4672,0.2445,0.5335,0.2747,0.3093,0.3687,0.2981,0.3524,0.5397,0.2989,0.1978,0.6541,0.0747,0.382,0.1048,0.3952,0.4416,0.4192,0.3773,0.3863,0.3195,0.3403,0.3142,0,0.3112,0.29,0.4363,0.409,0.3518,0,0.4086,0.335,0.4747,0.3243,0.2765,0.0666,0.4557,0.4003,0.4588,0.2376,0.5685,0.4786,0.3474,0.371,0.0222,0.2497,0.1778,0,0.0049,0.3792,0.4341,0.0389,0.3514,0.3099,0.287,0.101,0.2715,0.4228,0.0842,0.2949,0.4298,0.4032,0.3702,0.2804,0.6406,0.1567,0.2662,0,0.2862,0.0476,0.4159,0.3988,0.2418,0.4919,0.5352,0.3429,0.2599,0,0,0,0.2548,0.4134,0.6881,0,0.38,0.218,0,0.5156,0,0.0425,0.3111,0.4912,0
235,0.0262,0.0097,0,0,0,0,0,0,0.0107,0.0256,0.0649,0,0,0.0365,0.0427,0,0.0493,0,0.0773,0,0,0,0.1797,0.0708,0.0428,0,0,0.0666,0.0809,0,0,0.0637,0.0873,0.075,0,0.0112,0,0.001,0.0511,0.0595,0.0411,0.046,0,0,0.0412,0.0602,0.1111,0.1444,0.0771,0.04,0,0.0024,0.0611,0.0848,0,0.0049,0.039,0.0805,0.0065,0.1162,0.0594,0,0,0.075,0.0448,0,0,0,0,0.0265,0,0.0173,0.0369,0,0,0,0.0077,0.096,0,4.00E-04,0.0821,0.0692,0.0131,0.0428,0,0,0,0.064,0.0486,0.0628,0,0.0167,0.017,0,0,0,0.0227,0.0461,0.0648,0
236,0.0262,0.0097,0,0,0,0,0,0,0.0107,0.0256,0.0649,0,0,0.0365,0.0427,0,0.0493,0,0.0773,0,0,0,0.1797,0.0708,0.0428,0,0,0.0666,0.0809,0,0,0.0637,0.0873,0.075,0,0.0112,0,0.001,0.0511,0.0595,0.0411,0.046,0,0,0.0412,0.0602,0.1111,0.1444,0.0771,0.04,0,0.0024,0.0611,0.0848,0,0.0049,0.039,0.0805,0.0065,0.1162,0.0344,0,0,0.075,0.0448,0,0,0,0,0.0265,0,0.0173,0.0369,0,0,0,0.0077,0.096,0,4.00E-04,0.0821,0.0692,0.0131,0.0428,0,0,0,0.064,0.0486,0.0628,0,0.0167,0.017,0,0,0,0.0227,0.0461,0.0648,0
237,0.0262,0.0097,0,0,0,0,0,0,0.0107,0.0923,0.0649,0,0,0.0365,0.0427,0,0.0493,0,0.0773,0,0,0,0.1797,0.0708,0.0428,0,0,0.0666,0.0809,0,0,0.0637,0.0873,0.075,0,0.0112,0,0.001,0.0511,0.0595,0.0411,0.046,0,0,0.0412,0.0602,0.1111,0.1444,0.0771,0.04,0,0.0024,0.0611,0.0848,0,0.0049,0.039,0.0805,0.0065,0.1069,0.0344,0,0,0.075,0.0448,0,0,0,0,0.0265,0,0.0629,0.0369,0,0,0,0.0077,0.096,0,4.00E-04,0.0821,0.0692,0.0131,0.0428,0,0,0,0.064,0.001,0.0628,0,0.0167,0.017,0.0646,0.0517,0,0.0227,0.0461,0.0648,0
238,0.0262,0.0097,0,0,0,0,0,0,0.0068,0.0923,0.0649,0,0,0.0079,0.0427,0,0.0493,0,0.0773,0,0,0,0,0.0708,0.0428,0,0,0.0403,0.0809,0,0.0118,0.0637,0.0873,0.0538,0,0.0112,0,0.001,0.0511,0.0595,0.0411,0.046,0.1187,0,0.0412,0.0602,0.1111,0.1444,0.0771,0.04,0,0.0024,0.0611,0.0848,0,0.0049,0.039,0.035,0.0065,0.1069,0.0344,0,0,0.075,0.0448,0,0.0266,0,0.0923,0.0265,0,0.0629,0.0369,0,0,0,0.0077,0.096,0,4.00E-04,0.0821,0.0692,0.0131,0.0428,0,0.023,0.0116,0.064,0.001,0.0628,0,0.0167,0.017,0.0646,0.1255,0,0.0227,0.0461,0.0122,0
239,0.0262,0.0216,0,0,0,0,0,0,0.0068,0,0.0649,0,0,0.0079,0.0427,0,0.0493,0,0.0568,0,0,0.0539,0,0.0708,0.0428,0,0,0.0403,0.0809,0,0.0118,0.0637,0.0873,0.0538,0,0.0112,0,0.001,0.0511,0.0595,0.0411,0.046,0.1187,0,0.0412,0.0602,0.0636,0.1444,0.0771,0.04,0,0.1434,0.0611,0.0848,0,0.0049,0.039,0.035,0.0065,0.1069,0.0344,0,0,0.075,0.0448,0,0.0266,0,0.0923,0.0265,0,0.0629,0.0369,0,0,0,0.0077,0.096,0,4.00E-04,0.0821,0.0692,0.0131,0.0428,0,0.023,0.0116,0.064,0.001,0.0628,0,0.0167,0.017,0.0646,0.1255,0,0.0227,0.0461,0,0
240,0.0262,0.0216,0,0,0,0,0,0,0.0068,0,0.0649,0,0,0.0079,0.0427,0,0.0493,0,0,0,0,0.0539,0,0.0619,0.0428,0,0,0.0403,0.0809,0,0,0.021,0.0576,0.0538,0,0.0112,0,0.001,0.0511,0.0595,0.0411,0.046,0,0,0.0412,9.00E-04,0.0636,0.0737,0.0771,0.04,0,0.1434,0.0611,0.0848,0,0,0.039,0.035,0.0065,0.1069,0.0344,0,0,0.075,0.0448,0,0.0266,0,0,0.0265,0,0,0.0369,0,0,0,0,0.05,0,4.00E-04,0.0584,0.0518,0.0131,0.0428,0,0,0,0.064,0,0,0,0.0167,0.017,0,0,0,0.0227,0.0461,0,0
241,0.1052,0.0216,0,0,0,0,0.0654,0,0.0068,0,0.0736,0,0,0.0079,0.0427,0,0.0493,0,0,0,0,0.0539,0,0.0619,0.0428,0,0,0.0403,0.0809,0,0,0.021,0.0576,0.0538,0,0.0112,0,0.001,0.087,0.0595,0.0411,0.046,0,0,0.0412,9.00E-04,0.0636,0.0737,0.0771,0.04,0,0.1434,0.0611,0.0979,0,0,0.039,0.035,0.1689,0.1069,0.1004,0,0,0.075,0.0448,0,0.0266,0,0,0.0265,0,0,0.0369,0,0,0,0,0.05,0,4.00E-04,0.0584,0.0518,0.0131,0.0428,0,0,0,0.064,0,0,0,0.0167,0.017,0,0,0,0.1937,0.0461,0,0
242,0.1052,0.0216,0,0,0,0,0.0654,0,0.0068,0,0.0736,0,0,0.0079,0.0466,0,0.0493,0,0,0,0,0.1225,0,0.0619,0.0428,0,0,0.0403,0.0809,0,0,0.021,0.0576,0.0538,0,0.0112,0,0.001,0.087,0.0595,0.0543,0.1313,0,0,0.0412,9.00E-04,0.0636,0.0737,0.0771,0.04,0,0.1812,0.1188,0.0979,0,0,0.0552,0.035,0.1689,0.1069,0.1004,0,0,0.075,0.0448,0,0.0266,0,0,0.0265,0.0365,0,0.1051,0,0,0,0,0.05,0,4.00E-04,0.0584,0.0518,0.0998,0.0428,0,0,0,0.064,0,0,0,0.0167,0.1114,0,0,0,0.1937,0.0461,0,0
243,0.1052,0.0216,0.014,0.0848,0,0.0259,0.0654,0.053,0.0779,0,0.0736,0.0931,0,0.0079,0.0466,0,0.1027,0,0,0.1356,0,0.1225,0.1069,0.0619,0.0735,0,0.1072,0.0403,0.0809,0.0951,0,0.021,0.0576,0.0538,0,0.1215,0.0291,0.001,0.087,0.0595,0.0543,0.1313,0,0.0902,0.0412,9.00E-04,0.0636,0.0737,0.0771,0.04,0,0.1812,0.1188,0.0979,0.1305,0.0302,0.0552,0.035,0.1689,0.1069,0.1004,0,0,0.075,0.0448,0,0.0266,0,0,0.0884,0.0365,0.0148,0.1051,0.0758,0.0053,0,0,0.05,0,0.136,0.0584,0.0518,0.0998,0.0428,0.0232,0,0,0.064,0,0,0,0.0847,0.1114,0,0,0,0.1937,0.0461,0.028,0.0649
244,0.1052,0.0216,0.014,0.0848,0.1664,0.0259,0.0654,0.053,0.0779,0,0.0736,0.0931,0.1901,0.0079,0.0466,0,0.1027,0.0887,0,0.1356,0,0.1225,0.1069,0.0619,0.0735,0.1074,0.1072,0.0403,0.0809,0.0951,0,0.021,0.0576,0.0538,0,0.1215,0.0291,0.001,0.087,0.0595,0.0543,0.1313,0.1008,0.0902,0.0412,9.00E-04,0.0636,0.0737,0.0771,0.04,0,0.1812,0.1188,0.0979,0.1305,0.0302,0.0552,0.035,0.1689,0.1069,0.1004,0.0069,0.0375,0.075,0.0448,0,0.0266,0.0635,0.051,0.0884,0.0365,0.0148,0.1051,0.0758,0.0053,0,0.1639,0.05,0.0255,0.136,0.0584,0.0518,0.0998,0.0428,0.0232,0.1914,0,0.064,0,0,0.0594,0.0847,0.1114,0,0,0,0.1937,0.0461,0.028,0.0649
245,0.1052,0.0216,0.014,0.0848,0.1664,0.0259,0.0654,0.053,0.0779,0.0453,0.0736,0.0931,0.1901,0.0079,0.0466,0.1625,0.1027,0.0887,0,0.1356,0,0.1225,0.1069,0.0619,0.0735,0.1074,0.1072,0.0403,0.0809,0.0951,0,0.021,0.0576,0.0538,0,0.1215,0.0291,0.001,0.087,0.0595,0.0543,0.1313,0.1008,0.0902,0.0412,9.00E-04,0.0636,0.0737,0.0771,0.04,0,0.1812,0.1188,0.0979,0.1305,0.0302,0.0552,0.035,0.1689,0.1069,0.1004,0.0069,0.0375,0.075,0.0448,0,0.0266,0.0635,0.051,0.0884,0.0365,0.0148,0.1051,0.0758,0.1471,0.1316,0.1639,0.05,0,0.136,0.0584,0.0518,0.0998,0.0428,0.0563,0.1914,0.056,0.064,0,0,0.0594,0.0847,0.1114,0.2165,0.0803,0.0834,0.1937,0.0461,0.028,0.0649
246,0.1052,0.0159,0,0,0.0086,0,0.0462,0,0.0779,-0.1057,0.0389,0,0,0.0079,0,0,0,0,0,0,0,0.1225,0,0,0,0,0,0,0.0401,0,0,0.021,0.0081,0,0,0,0,0.001,0.0168,0,0.0045,0.0097,-0.2238,0,0.0321,0,0.0636,0.0123,0,0.027,0,0.1325,0.0457,0.0646,0,-0.1382,0.0085,0,0.0754,0,0.1004,0,0,0.075,0.0448,0,0,0,0,0,0.0019,-0.0218,0.0254,0,0,0,0,0.0225,0,0,0.0584,0.0137,0.0355,0.0428,0,0,0,0.064,0,0,0,0.0059,0.1114,0,0,-0.2421,0.1082,0.0461,0,0
247,0.1052,0.0159,0,0,0.0086,0,0.0462,0,0.0779,0,0.0389,0,0,0.0079,0,0,0,0,0,0,0,0.1225,0,0,0,0,0,0,0.0401,0,0,0.021,0.0081,0,0,0,0,0.001,0.0168,0,0.0045,0.0097,0,0,0.0321,0,0.0636,0.0123,0,0.027,0,0.1325,0.0457,0.0646,0,0,0.0085,0,0.0754,0,0.1004,0,0,0.075,0.0448,0,0,0,0,0,0.0019,0,0.0254,0,0,0,0,0.0225,0,0,0.0584,0.0137,0.0355,0.0428,0,0,0,0.064,0,0,0,0.0059,0.1114,0,0,0,0.1082,0.0461,0,0
248,0.1052,0.0159,0,0,0.0086,0,0.0462,0,0.0839,0,0.0389,0,0,0.0079,0,0,0,0,0,0,0,0.1225,0,0,0,0,0,0,0.0401,0,0,0.021,0.0081,0,0,0,0,0.001,0.0168,0,0.0045,0.0097,0,0,0.0321,0,0.0636,0.0123,0,0.027,0,0.1325,0.0457,0.0646,0.0268,0,0.0085,0,0.0754,0,0.1004,0,0,0.075,0.0448,0,0,0,0,0,0.0019,0,0.0254,0,0,0,0,0.0225,0,0,0.0584,0.0137,0.0355,0.0428,0,0,0,0.064,0,0,0,0.0059,0.1368,0,0,0,0.1082,0.0461,1.00E-04,0
249,0.1052,0.0159,0,0,0.0086,0,0.0462,0,0.0839,0,0.0389,0,0,0.0291,0,0,0.0539,0,0,0,0,0.1667,0.0104,0.0067,0,0,0,0,0.0401,0,0,0.021,0.0081,0,0,0,0,0.0164,0.0168,0,0.0045,0.0097,0,0,0.0321,0,0.0636,0.0123,0,0.027,0,0.1325,0.0457,0.0646,0.0268,0,0.0085,0,0.0754,0,0.1004,0,0,0.075,0.0448,0,0,0,0,0,0.0019,0,0.0254,0,0,0,0,0.0225,0,0,0.0584,0.0137,0.0355,0.0428,0,0,0,0.064,0,0,0,0.0059,0.1368,0,0,0,0.1082,0.0461,1.00E-04,0
250,0.1052,0.0159,0,0,0.0086,0,0.0462,0,0.0839,0,0.0389,0,0,0.0291,0,0,0.0539,0,0,0,0,0.1667,0.0104,0.0067,0,0,0,0,0.0401,0,0,0.021,0.0081,0,0,0,0,0.0164,0.0168,0,0.0045,0.0097,0,0,0.0321,0,0.0636,0.0123,0,0.027,0,0.1325,0.0457,0.0646,0.0142,0,0.0085,0,0.0754,0,0.1004,0,0,0.075,0.0448,0,0,0,0,0,0.0019,0,0.0254,0,0,0,0,0.0225,0,0,0.0584,0.0137,0.0355,0.0428,0,0,0,0.064,0,0,0,0.0059,0.1368,0,0,0,0.1082,0.0461,1.00E-04,0
251,0.1052,0.0159,0,0,0.0086,0,0.0462,0,0.0839,0,0.0389,0,0,0.0291,0,0,0.0539,0,0,0,0.0128,0.1667,0.0104,0.0067,0,0,0,0,0.0401,0,0,0.021,0.0081,0,0,0,0,0.0164,0.0168,0,0.0045,0.0097,0,0,0.0321,0,0.0636,0.0123,0,0.027,0,0.1325,0.0457,0.0646,0.0142,0,0.0085,0,0.0754,0,0.1004,0,0,0.075,0.0448,0,0,0,0,0,0.0019,0,0.0254,0.0037,0,0,0,0.0225,0.1534,0,0.0584,0.0137,0.0355,0.0428,0,0.2318,0,0.064,0,0,0,0.0059,0.1368,0,0,0,0.1082,0.0461,1.00E-04,0
252,0.1052,-0.0515,0,0,0.0063,0,0,0,0,0,-0.0041,0,0,0,-0.0512,0,0,-0.1646,0,0,0,0,0,0,0,0,0,0,0,0,-0.13,0,0,0,0,0,-0.0086,0,0,0,0.0045,0,0,0,0,0,0,0.0123,0,0,-0.16,0.111,0,0.0646,0,0,0.0085,-0.0068,0.0754,0,0,-0.0705,0,-0.0657,0,0,0,0,-0.0231,0,0.0019,0,0,-0.1153,-0.0508,0,-0.0699,0.0225,0,0,-0.0605,0.0137,0.0355,0,-0.0556,0,-0.0088,0,0,0,-0.0267,0,0,0,-0.2374,-0.1461,0.0872,0.0461,0,0
253,0.1052,-0.0515,0,0,0.0063,0.0403,0,0,0,0,-0.0041,0,0,0,-0.0131,0,0,0,0,0.0435,0,0,0,0,0.0373,0,0,0,0,0,-0.1193,0,0,0,0,0.0176,0,0,0,0,0.0045,0,0,0.0083,0,0,0,0.0123,0,0,0,0.111,0,0.0646,0,0,0.0085,0,0.0754,0,0,0,0,-0.0657,0,0,0,0,-0.0231,0,0.0019,0,0,0.1516,0,0,-0.0371,0.0225,0.0379,0,0,0.0137,0.0355,0,0,0,0,0,0,0,0.1161,0,0,0,-0.1085,0,0.0872,0.0461,0,0
254,0.1052,-0.0515,0,0,0.0063,0.0403,0,0,0,0,-0.0041,0,0,0,-0.0131,0,0,0,0,0.0435,0,0,0,0,0.0373,0,0,0,0,0,0,0,0,0,0,0.0176,0.2712,0,0,0,0.0045,0,0,0.0083,0,0,0,0.0123,0,0,0,0.111,0,0.0646,0,0,0.0085,0,0.0754,0,0,0,0,-0.0657,0,0,0,0,0,0,0.0019,0,0,0.1516,0,0,0,0.0225,0.0379,0,0,0.0137,0.0355,0,0,0,0,0,0,0,0.1161,0,0,0,0,0,0.0872,0.0461,0,0
255,0,-0.0515,0,0,0.0063,0,0,0,0,0,-0.0041,0.0203,0,0,-0.0131,0,0,0,0,0,0,0,0,0,0,0,0,0,0,0,0,0,0,0,0,0,0,0,0,0,0,-0.0222,0,0,0,0,0,0,0,0,0,0.111,0,0,0,0,0,0,0,0,0,0,0,-0.0657,0,0,0,0,0,0,0,0,0,0,0,0,0,0.0225,0.0405,0,0,0,0,0,0,0,0.051,0,-0.0312,0,0,0,0,0,0,0,0,0,0,0
256,0,-0.0515,0,0,0,0,0,0,0,0,-0.0041,0,0,0,-0.0131,0,0,0,0,0,0,0,0,0,0,0,0,0,0,0,0,0,0,0,0,0,0,0,0,0,0,-0.0222,0,0,0,0,0,0,0,0,0,0,0,0,0,0,0,0,0,0,0,0,0,-0.0657,0,0,0,0,0,0,0,0,0,0,0,0,0,0,0,0,0,0,0,0,0,0,0,0,-0.0312,0,0,0,0,0,0,0,0,0,0,0
257,0,-0.0515,0,0,0,0,0,0,0,0,-0.0041,0,0,0,-0.0131,0,0,0,0,0,0,0,0,0,0,0,0,0,0,0,-0.0255,0,0,0,0,0,0,0,0,0,0,-0.0222,0,0,0,0,0,0,0,0,0,0,0,0,0,0,0,0,0,0,0,-0.0292,0,-0.0657,0,0,0,0,0,0,0,0,0,0,0,0,0,0,0,0,0,0,0,0,0,0,0,0,-0.0312,0,0,0,0,0,0,0,0,0,0,0
258,0,-0.0515,-0.0825,0,0,0,0,0,0,0,-0.0041,0,-0.0426,0,-0.0131,0,0,0,0,0,0,0,-0.0472,-0.0115,0,0,0,0,0,0,-0.1446,0,0,0,0,-0.0827,-0.1015,0,0,0,0,-0.0222,0,0,0,0,0,-0.0229,0,0,0,0,0,-0.0404,-0.0608,0,0,0,0,0,0,-0.0292,0,-0.0657,0,0,0,-0.0718,0,0,-0.0083,0,0,0,-0.2297,0,0,0,-0.1772,0,-0.0099,0,0,0,-0.2142,0,-0.0693,0,-0.0699,0,0,0,0,0,0,0,0,0,-0.2276,0
259,0,-0.0515,-0.0825,0,0,0,0,0,0,0,-0.0041,0,-0.0426,0,-0.0131,0,0,0,0,0,0,0,-0.0472,-0.0115,0,0,0,0,0,0,-0.1446,0,0,0,0,-0.0827,-0.1352,0,0,0,0,-0.0222,0,0,0,0,0,-0.0229,0,0,-0.012,0,0,-0.0404,-0.0608,0,0,0,0,0,0,-0.0292,0,-0.0657,0,0,0,-0.0718,0,0,-0.0083,0,0,0,-0.2297,-0.1294,0,0,-0.166,0,-0.0099,0,0,0,-0.2142,0,-0.0693,0,-0.0699,0,-0.0028,0,0,-0.043,0,-0.0914,0,0,-0.2276,0
260,0,0,-0.0825,0,0,0.1456,0.0629,0,0.1377,0,0,0,-0.0302,0.0997,0,0,0,0,0,0.0087,0,0.014,0,0,0,0.033,0,0,0.0725,0,0,0.1036,0,0,0,0,-0.1352,0,0,0.0386,0,0.1118,0,0,0.0637,0.0865,0,0.0103,0.0195,0,0,0,0.0052,-0.0404,-0.0608,0,0,0,0,0,0,0,0,0,0.1008,0,0,0,0,0,0,0,0,0,0,-0.1294,0,0,0,0.0941,0,0.0324,0.0308,0.0639,0,0,0,0.0461,0,0,-0.0028,0,0.0732,-0.043,0,-0.0914,0,0.1509,0,0
261,0,0,0.018,0,0,0.1456,0.0629,0,0.1377,0,0.0494,0,0,0.0997,0,0,0,0,0,0.0087,0,0.014,0,0,0,0.033,0,0.0219,0.0725,0,0,0.1036,0,0.1005,0,0,0,0,0,0.0386,0,0.1118,0,0,0.0637,0.0865,0,0.0103,0.0195,0,0,0,0.0052,-0.0404,0.0025,0,0,0,0,0,0,0,0,0,0.1008,0,0,0,0,0,0.0169,0,0.0422,0,0,0,0,0.0738,0,0.0941,0,0.0324,0.0308,0.0639,0,0,0,0.0461,0,0,0,0,0.0732,0,0,0.0019,0,0.1509,0,0
262,0,0,0.0626,0,0,0.1456,0.1249,0,0.1377,0,0.0494,0,0,0.0997,0.0289,0,0,0,0,0.0087,0,0.1587,0,0,0,0.033,0,0.0219,0.115,0,0,0.1036,0.1496,0.1005,0,0,0,0.2777,0.068,0.0386,0,0.1118,0,0,0.0637,0.0865,0.2821,0.0103,0.0195,0,0,0.0067,0.0052,0.0802,0.0025,0,0,0,0,0,0.1093,0,0,0.1953,0.1008,0,0,0,2.00E-04,0,0.1828,0,0.0727,0,0,0,0,0.0738,0,0.0941,0,0.0324,0.1486,0.0639,0,0,0,0.0461,0,0,0,0,0.0984,0,0,0.0019,0,0.1509,0,0
263,0,0.0415,0.0626,0,0,0.1456,0.1249,0,0.1377,0,0.0494,0,0,0.0997,0.0289,0,0,0,0,0.0087,0,0.1587,0,0,0,0.033,0,0.0219,0.115,0,0,0.1036,0.1496,0.1005,0,0,0,0.2777,0.068,0.0386,0,0.1118,0,0,0.0637,0.0865,0.2821,0.0103,0.0195,0,0,0.0067,0.0052,0.0802,0,0,0,0,0,0,0.1093,0,0,0.1953,0.1008,0,0,0,0,0,0.1828,0,0.0727,0,0,0,0,0.1265,0,0.0941,0,0.0324,0.1486,0.0639,0,0,0,0.0461,0,0,0,0,0.0984,0,0,0,0,0.1545,0,0
264,0,0.0415,0.0626,0,0,0.1456,0.1249,0,0.1377,0,0.0494,0.1591,0,0.0997,0.0289,0,0.047,0,0,0.0087,0,0.1587,0,0.1203,0,0.033,0,0.0219,0.115,0,0,0.1375,0.1496,0.1005,0,0,0,0.2777,0.068,0.0979,0,0.1118,0,0,0.07,0.1516,0.2821,0.0103,0.0195,0,0,0.0067,0.0052,0.0802,0,0,0.0909,0,0.0609,0,0.1093,0,0,0.1953,0.1008,0,0,0.02,0,0.0491,0.1828,0,0.0727,0,0,0,0,0.1265,0,0.0941,0,0.0617,0.1486,0.0639,0,0,0,0.0461,0.0867,0,0,0.0971,0.0984,0,0,0,0,0.1545,0,0
265,0,0.0415,0.0626,0,0.0021,0.1456,0.1249,0,0.1377,0.1874,0.0494,0.1591,0.0155,0.0997,0.0289,0,0.047,0,0.3495,0.0087,0,0.1587,0,0.1203,0,0.1048,0,0.0219,0.115,0,0.0799,0.1375,0.1496,0.1005,0.0881,0,0,0.2777,0.068,0.0979,0,0.1118,0,0.007,0.07,0.1516,0.2821,0.0103,0.0195,0,0,0.0067,0.0052,0.0802,0,0.1816,0.0909,0,0.0609,0,0.1093,0,0,0.1953,0.1008,0,0,0.02,0.1667,0.0491,0.1828,0,0.0727,0,0,0.3016,0.195,0.1265,0,0.0941,0.183,0.0617,0.1486,0.0639,0,0.0036,0.0397,0.0461,0.0867,0.154,0.1552,0.0971,0.0984,0,0.0949,0,0,0.1545,0,0.0482
266,0,0.0415,0.0626,0,0.0021,0.1456,0.1249,0,0.1377,0,0.0494,0.1591,0,0.0997,0.0289,0,-0.0147,0,0.0835,0,0,0.1587,0,0.1203,0,0.1048,0,0.0219,0.115,0,0,0.1375,0.1496,0.1005,0,0,0,0.2777,0.068,0.0979,0,0.1118,0,0.007,0.07,0.1516,0.2821,0.0103,0.0195,0,0,0.0067,0.0052,0.0802,0,0.1816,0.0909,0,0.0609,0,0.1093,0,0,0.1953,0.1008,0,0,0.02,0.0227,0.0491,0.1828,0,0.0727,0,0,0.0363,0,0.1265,0,0.0124,0.1263,0.0617,0.1486,0.0639,0,0,0,0.0461,0.0867,0.154,0,0.0971,0.0984,0,0,0,0,0.1545,0,0
267,0.0571,0.211,0.2998,0,0.0021,0.2813,0.1249,0,0.1377,0,0.1372,0.1591,0,0.0997,0.1906,0,0.2388,0,0.134,0,0,0.1587,0.1313,0.1203,0.1794,0.1932,0.3256,0.0991,0.115,0.3036,0,0.1747,0.1496,0.1005,0,0.3762,0,0.2914,0.1951,0.1048,0.132,0.1592,0,0.007,0.1968,0.1777,0.2821,0.0245,0.0195,0.1683,0.275,0.0067,0.0052,0.0802,0,0.1816,0.1247,0.159,0.0609,0.2025,0.1093,0,0,0.1953,0.1307,0,0.0368,0.2006,0,0.1713,0.1828,0,0.0727,0,0,0,0,0.1587,0,0.2142,0.1263,0.3273,0.1486,0.0639,0,0,0,0.0842,0.2166,0.154,0,0.2228,0.0984,0,0,0,0.1542,0.1545,0.2902,0
268,0.0571,0.211,0.2998,0.2385,0.1337,0.2813,0.1249,0,0.1377,0.1409,0.1372,0.1591,0.273,0.0997,0.1906,0.1804,0.2388,0.1412,0.134,0.2492,0.2651,0.1587,0.1313,0.1203,0.1794,0.1932,0.3256,0.0991,0.115,0.3036,0.2324,0.1747,0.1496,0.1005,0.1519,0.3762,0.1715,0.2914,0.1951,0.1048,0.132,0.1592,0,0.1407,0.1968,0.1777,0.2821,0.0245,0.0195,0.1683,0.275,0.0067,0.0052,0.0802,0.1741,0.2581,0.1247,0.159,0.0609,0.2025,0.1093,0,0.1215,0.1953,0.1307,0.2316,0.0368,0.2006,0.2826,0.1713,0.1828,0.251,0.0727,0.1976,0.149,0.2555,0.2896,0.1587,0.1231,0.2142,0.1263,0.3273,0.1486,0.0639,0,0.3531,0.2567,0.0842,0.2166,0.154,0.2218,0.2228,0.0984,0.3061,0.0747,0.0039,0.1542,0.1545,0.2902,0.3843
269,0.0571,0.211,0.2998,0.2385,0.1337,0.2813,0.1249,0,0.1377,0.1409,0.1372,0.1591,0.273,0.0997,0.1906,0.1804,0.2388,0.1412,0.134,0.2492,0.2651,0.1587,0.1313,0.1203,0.1794,0.1932,0.3256,0.0991,0.115,0.3036,0.2324,0.1747,0.1496,0.1005,0.1519,0.3762,0.1715,0.2914,0.1951,0.1048,0.132,0.1592,0,0.1407,0.1968,0.1777,0.2821,0.0245,0.0195,0.1683,0.275,0.0067,0.0052,0.0802,0.1741,0.2581,0.1247,0.159,0.0609,0.2025,0.1093,0,0.1215,0.1953,0.1307,0.2316,0.0368,0.2006,0.2826,0.1713,0.1828,0.251,0.0727,0.1976,0.149,0.2555,0.2896,0.1587,0.1231,0.2142,0.1263,0.3273,0.1486,0.0639,0,0.3531,0.2567,0.0842,0.2166,0.154,0.2218,0.2228,0.0984,0.3061,0.0747,0.0039,0.1542,0.1545,0.2902,0.3843
270,0.1601,0.211,0.2998,0.2385,0.1337,0.2813,0.1249,0.0175,0.1377,0.2305,0.1372,0.2005,0.273,0.0997,0.1906,0.1804,0.2388,0.3105,0.134,0.2492,0.2095,0.1587,0.1313,0.1203,0.1794,0.1932,0.3256,0.0991,0.115,0.3036,0.2324,0.1747,0.1496,0.2504,0.1519,0.3762,0.2269,0.3021,0.1951,0.2406,0.132,0.1592,0.034,0.1407,0.2544,0.1777,0.2821,0.0435,0.1287,0.2159,0.275,0.0067,0.1471,0.0802,0.1741,0.2581,0.1247,0.159,0.0609,0.2025,0.1145,0.323,0.1215,0.1953,0.1307,0.268,0.2334,0.2006,0.2826,0.1713,0.1828,0.251,0.0727,0.2443,0.149,0.3329,0.3222,0.1587,0.2502,0.2142,0.1827,0.3273,0.1486,0.1828,0.2074,0.3531,0.2567,0.0842,0.2166,0.154,0.2218,0.2228,0.0984,0.3061,0.0747,0.0039,0.1542,0.1545,0.2902,0.3843
271,0.1601,0.211,0.2998,0.2385,0.1337,0.2813,0.3414,0.0175,0.1377,0.2305,0.1568,0.2415,0.273,0.0997,0.1906,0.1804,0.2388,0.3105,0.134,0.2492,0.2975,0.1587,0.1313,0.1203,0.1794,0.1932,0.3256,0.0991,0.115,0.3036,0.2324,0.1747,0.1496,0.2504,0.1519,0.3762,0.3954,0.3021,0.1951,0.2406,0.132,0.1592,0.034,0.1407,0.2544,0.1777,0.2821,0.0435,0.1287,0.2159,0.275,0.1489,0.1471,0.0802,0.1741,0.2581,0.1247,0.159,0.0609,0.2025,0.1145,0.323,0.1215,0.1953,0.1307,0.268,0.2334,0.408,0.2826,0.1713,0.1828,0.251,0.0727,0.2443,0.149,0.3329,0.3222,0.1587,0.2502,0.2142,0.1827,0.3273,0.1486,0.1828,0.2974,0.1692,0.2567,0.0842,0.2166,0.154,0.2218,0.2228,0.0984,0.3061,0.0747,0.2946,0.1542,0.1545,0.2961,0.3843
272,0.1601,0.148,0.1411,-0.042,-0.0124,0.0506,0.0923,0.0175,0,0,0.1568,0.1376,0,0.0997,0.0701,0,0.1386,1.00E-04,0,0.2106,0,0.1154,0.1313,0.1191,0.0646,0.0048,0,0.0991,0.115,0.0465,0,-0.0077,0.0675,0.0834,0.0429,0.1461,0,0,0.1951,0.1252,0.132,0,0,0.1261,0.0813,0.14,0.1428,0.0435,0.0024,0.1388,0,0.1489,0.1328,0.0802,0.0647,-0.1138,0.1093,0.1209,0.0498,0.1425,0.0414,0,-0.0029,0.0974,0.1307,-0.2016,0.1795,0,0,0.0769,0.0468,0,0.0727,0,-0.2138,-0.0204,0,0.1587,0,0,0,0.1009,0.1245,0.1828,0.0864,0,0,0.0842,0.2166,0.154,0,0.0533,0.0903,0,0,0,0.152,0.1545,0.0072,0
273,0.1601,0.148,0.1411,0.0945,0.2058,0.0506,0.0923,0.0175,0,0,0.1568,0.2613,0.0732,0.0997,0.0701,0,0.144,1.00E-04,0,0.1238,0.01,0.1154,0.2718,0.1191,0.1845,0.098,0.0638,0.0991,0.115,0.1336,0.212,-0.0077,0.1912,0.0834,0.0429,0.1461,0.061,0,0.2092,0.1252,0.132,0,0,0.1261,0.0813,0.14,0.1428,0.1799,0.0114,0.1388,0.1413,0.1489,0.1328,0.0802,0.1831,0.0272,0.1093,0.1209,0.0498,0.1425,0.0414,0,0,0.0974,0.1307,0,0.1795,0.0818,0,0.0769,0.0468,0.2744,0.0727,0,0,0.0216,0,0.1587,0.2145,0,0,0.1312,0.1245,0.1828,0.0985,0,0,0.0842,0.2166,0.1659,0,0.0533,0.0903,0,0,0.0996,0.152,0.1545,0.0072,0
274,0.1601,0.148,0.1411,0.1175,0.3169,0.0506,0.0923,0.1574,0,0.014,0.1568,0.2613,0.0732,0.0997,0.0701,0.2324,0.144,0.1549,0,0.1238,0.1873,0.1154,0.2718,0.1191,0.1845,0.098,0.0638,0.0991,0.115,0.1336,0.212,0.1077,0.2417,0.0834,0.0429,0.1461,0.061,0,0.2092,0.1252,0.132,0,0.0516,0.1261,0.0813,0.156,0.1428,0.1799,0.0114,0.1388,0.1413,0.1489,0.1328,0.0802,0.2058,0.0272,0.1093,0.1209,0.0498,0.1425,0.0414,0.3715,0.1741,0.0974,0.1307,0,0.1795,0.0818,0.0373,0.0769,0.0468,0.2744,0.0727,0,0.3807,0.0216,0.0042,0.1587,0.2145,0.1365,0.0385,0.1312,0.1245,0.1828,0.1706,0.3645,0.139,0.0842,0.2601,0.1659,0,0.0533,0.0903,0.0588,0.3703,0.0996,0.152,0.1558,0.0072,0.0125
275,0,0,0.0842,-0.0581,0,0,0.0116,-0.0033,0,0,0,0,-0.0388,0,0,-0.0289,-0.0256,0.0065,0,-0.0175,0,0,0,0,-0.0179,-0.0619,-0.0324,0,-0.0615,-0.0287,-0.0817,-0.0846,0.0662,0,-0.0136,-0.0074,0,0,0,0,0,-0.0076,-0.0475,0,0,0,0.0715,-0.0267,-0.0465,0,0.1413,0,0,-0.0406,-0.0362,-0.0212,0,0,0.0498,0,0.0414,-0.08,-0.0466,0,0,0,0.0608,-0.1776,0,0,0,0,-0.117,0,0,-0.0234,0.0042,-0.0512,0,-0.085,0,-0.0604,0,0,0,-0.0203,0,-0.041,0,-0.1457,-0.1375,-0.0438,0,-0.0081,-0.0238,0,0,0,-0.0124,-0.0176
276,0,0,0,-0.0581,0,0,0,-0.1533,0,0,0,0,-0.0388,0,0,-0.0289,-0.0256,0,0,-0.0175,0,0,0,0,-0.0179,-0.0619,-0.0324,0,-0.0615,-0.0287,-0.052,-0.0846,0,0,-0.0136,-0.0074,0,0,0,0,0,-0.0076,-0.0475,0,0,0,-0.0433,-0.0267,-0.0465,0,0,0,-0.0497,-0.0406,-0.0362,-0.0212,0,0,0,0,-0.0402,-0.08,-0.0466,0,0,0,-0.1111,-0.1776,0,0,0,0,-0.117,0,0,-0.0234,0,-0.0586,0,-0.085,-0.0167,-0.0604,0,0,0,-0.0203,0,-0.041,0,-0.1457,-0.1375,-0.0841,0,-0.0081,-0.3804,0,0,-0.048,-0.0124,-0.0176
277,0,0,0,-0.0581,0,0,0,-0.1533,0,0,0,0,-0.0388,0,0,-0.0289,-0.0256,0,0,-0.0175,0,0,0,0,0,-0.0619,-0.0324,0,-0.0615,-0.0287,-0.0221,-0.0846,0,0,-0.0136,-0.0074,0,0,0,0,0,-0.0076,0,0,0,0,-0.0433,-0.0267,-0.0465,0,0,0,-0.0497,-0.0406,0,0,0,0,0,0,-0.0402,0,0,0,0,0,-0.1111,0,0,0,0,0,-0.117,0,0,0,0,-0.0586,0,-0.085,-0.0167,-0.0604,0,0,0,-0.0203,0,-0.041,0,-0.1457,0,-0.0841,0,-0.0081,0,0,0,-0.048,-0.0124,-0.0176
278,0,0,0,-0.0581,0,0,0,-0.1533,0,0,0,0,-0.0388,0,0,0,-0.0256,0,0,-0.0175,0,0,0,0,0,-0.0619,-0.0324,0,-0.0615,-0.0287,0,-0.0846,0,0,-0.0136,0,0,0,0,0,0,-0.0076,0,0,0,0,-0.0433,-0.0267,-0.0465,0,0,0,-0.0497,-0.0406,0,0,0,0,0,0,-0.0402,0,0,0,0,0,-0.1111,0,0,0,0,0,-0.117,0,0,0,0,-0.0586,0,-0.085,-0.0167,-0.0182,0,0,0,0,0,-0.041,0,0,0,-0.0841,0,0,0,0,0,-0.048,-0.0124,-0.0176
279,0,0,0,-0.0581,0,0,0,-0.1533,0,0,0,0,-0.0388,0,0,0,-0.0256,0,0,-0.0175,0,0,0,0,0,-0.0619,-0.0324,0,-0.0615,-0.0287,0,-0.0846,0,0,-0.0136,0,0,0,0,0,0,-0.0076,0,0,0,0,-0.0433,-0.0267,-0.0465,0,0,0,-0.0497,-0.0406,0,0,0,0,0,0,-0.0402,0,0,0,0,0,-0.1111,0,0,0,0,0,-0.117,0,0,0,0,-0.0586,0,-0.085,-0.0167,-0.0182,0,0,0,0,0,-0.041,0,0,0,-0.0841,0,0,0,0,0,-0.048,-0.0124,-0.0176
280,0,0,0,-0.0581,0,0,0,-0.1533,0,0,0,-0.023,-0.0891,0,0,-0.0208,-0.0256,0,-0.0291,-0.0175,0,0,0,0,0,-0.2019,-0.0324,0,-0.0615,-0.0287,-0.026,-0.0846,0,-0.0332,-0.0136,0,0,0,0,0,0,-0.032,0,0,0,0,-0.0433,-0.0267,-0.0465,0,0,0,-0.0497,-0.0406,0,0,0,-0.0205,-0.0403,-0.0219,-0.0402,0,0,-0.0448,0,-0.092,-0.1111,-0.0073,0,-0.1497,0,0,-0.117,-0.0596,-0.1253,-0.0621,-0.158,-0.0586,0,-0.085,-0.0686,-0.0182,0,-0.0835,-0.1264,0,0,-0.041,-0.0187,0,0,-0.0841,0,0,0,-0.0687,0,-0.048,-0.0124,-0.0176
281,0,0,0,-0.0581,0,0,0,0,0,0,-0.0062,-0.023,-0.0891,0,0,-0.0208,-0.0256,0,-0.0291,-0.0175,0,0,-0.0253,-0.0288,0,-0.2019,-0.0324,0,-0.0538,-0.0287,-0.026,-0.0846,0,-0.0332,0,0,0,-0.0063,0,0,0,-0.032,0,0,0,0,-0.0433,-0.0267,-0.0465,0,0,0,-0.0497,-0.0406,0,0,0,-0.0205,-0.0403,-0.0558,-0.0402,0,0,-0.0448,0,0,-0.1111,-0.0073,0,-0.1497,0,0,-0.117,-0.0596,-0.1253,-0.0621,-0.158,-0.0586,0,-0.1005,0,-0.0182,0,-0.0835,-0.0211,0,0,-0.041,-0.0187,0,0,-0.1028,0,0,0,0,-0.1107,-0.048,-0.0124,-0.0176
282,0,0,0,-0.0581,0,0,0,0,0,0,-0.0062,-0.023,-0.0891,0,0,-0.0208,-0.0256,-0.0354,-0.0291,-0.0175,-0.0808,0,-0.0253,-0.0288,0,-0.2044,-0.0324,0,-0.0538,-0.0287,-0.026,-0.0846,0,-0.0332,0,0,0,-0.0063,0,-0.0015,0,-0.032,0,0,0,0,-0.0433,-0.0267,-0.0465,0,-0.0191,0,-0.0497,-0.0406,0,0,0,-0.034,-0.0403,-0.0558,-0.0402,0,0,-0.0448,0,0,-0.1111,-0.0073,0,-0.1497,0,0,-0.117,-0.0596,-0.1768,-0.0924,-0.2436,-0.0586,0,-0.1005,0,-0.0182,0,-0.0835,-0.0211,-0.0591,-0.003,-0.041,-0.0187,0,0,-0.1028,0,0,0,0,-0.1107,-0.048,-0.0124,-0.0176
283,0,0,0,-0.0373,0,0,0,0,0,0,-0.0062,-0.023,-0.0891,0,0,0,-0.0053,0,0,0,0,0,-0.0253,-0.0288,0,0,-0.0324,0,-0.0538,0,0,-0.0181,0,0,0,0,0,-0.0063,0,-0.0015,0,-0.032,0,0,0,0,-0.0433,-0.0267,0,0,-0.019,0,-0.0497,-0.012,0,0,0,-0.034,-0.0403,-0.0558,-0.0402,0.1866,0.0496,-0.0448,0,0,-0.1111,-0.0073,0.1488,-0.0741,0,0,-0.0508,-0.0488,0,0.035,-0.0346,-0.0586,0,-0.0417,0,-0.0182,0,-0.0835,0,0,-0.003,-0.0183,0,0,0,-0.1028,0,0,0.2297,0,-0.1107,-0.048,-0.0124,0
284,0,0,0,-0.0373,-0.015,0,0,0,0,0.0286,-0.0062,-0.023,-0.1189,0,0,0,-0.0053,-0.0697,0,0,-0.1308,0,-0.0253,-0.0288,0,-0.0174,-0.0324,0,-0.0538,0,0,-0.0181,0,0,0,0,0,-0.0063,0,-0.0015,0,-0.032,-0.0082,0,0,0,-0.0433,-0.0267,0,0,-0.019,-0.0575,-0.0497,-0.012,0,0,0,-0.034,-0.0403,-0.0558,-0.0402,0,0,-0.0448,0,0,-0.1111,-0.0078,-0.0415,-0.0741,0,0,-0.0508,-0.0488,0,-0.0425,-0.0438,-0.0586,-0.0457,-0.0417,0,-0.0182,0,-0.0835,0,-0.0105,-0.1017,-0.0386,0,-0.0718,0,-0.1028,0,0,0,0,-0.1107,-0.048,-0.0124,0
285,0,0,0,-0.0084,-0.015,0,0,0,0,0.0479,-0.0062,0,-0.1189,0,0,0,-0.0053,-0.0444,0,0,-0.1308,0,-0.0253,-0.0288,0,-0.0097,-0.0324,0,0,0,0,-0.0181,0,0,0,0,0,-0.0063,0,0,0,-0.032,0,0,0,0,-0.0433,0,0,0,0,-0.0575,-0.0497,-0.012,0,0,0,-0.034,-0.0403,-0.0605,-0.0402,-0.049,0,-0.0448,0,0,-0.1111,-0.0078,-0.0415,-0.0741,0,0,-0.0508,-0.0488,0,0,0,-0.0586,-0.0283,-0.0417,0,-0.0182,0,0,0,0.0421,0,-0.0386,0,0,0,-0.1028,0,0,0,0,-0.1107,-0.048,-0.0124,0
286,0,0,0,-0.0084,-0.015,0,0,0,0,-0.0019,-0.0062,0,-0.0319,0,0,-0.0314,-0.0053,-0.0444,-0.01,0,-0.1308,0,-0.0253,-0.0288,-0.0383,-0.0097,-0.0345,0,0,0,0,-0.0181,0,0,0,0,0,-0.0063,0,0,0,-0.032,0,0,0,0,-0.0433,0,-0.029,0,0,-0.0575,-0.0497,-0.012,0,0,0,-0.034,-0.0403,-0.0605,-0.0402,-0.049,0,-0.0259,0,0,-0.1111,-0.0078,-0.0415,-0.0741,0,0,-0.0508,-0.0488,0,-0.0888,0,-0.0586,0,-0.0417,-0.0076,-0.0182,0,0,0,0.0421,0,-0.0386,-0.0031,0,-0.0149,-0.0248,0,0,0,0,-0.1107,-0.0462,-0.0205,0
287,0,0.0064,0,-0.0084,-0.015,0,0,0,0,0,-0.0062,0,0,0,0,-0.0314,-0.0053,-0.0444,-0.01,0,-0.0063,0,0,0,-0.0383,-0.0097,-0.0345,0,0,0,0,-0.0181,0,0,0,0,0.0127,-0.0063,0,0,0,-0.032,0,0,0,0,-0.0433,0,-0.029,0,0,-0.0658,-0.0497,0,0,0,0,-0.034,-0.0403,-0.0605,-0.0402,-0.0133,0,0,0,0,-0.0038,-0.0078,-0.0415,-0.0741,0,0,-0.0508,-0.0355,0,0,0,0,5.00E-04,-0.0417,-0.0076,-0.0182,0,0,0,0,0,-0.0386,0,0,-0.0149,-0.0248,0,0,0,0,-0.0203,-0.0462,-0.0205,0
288,0,0.0064,0,-0.0084,0,0,0,0,0,0,-0.0062,0,0,0,0,0,-0.0053,0,-0.01,0,0,0,0,0,-0.0383,-0.0097,-0.0345,0,0,0,0,-0.0181,0,0,0,0,0.0127,-0.0063,0,0,0,-0.032,0,0,0,0,-0.0433,0,-0.029,0,0,-0.0658,-0.0497,0,0,0,0,-0.034,-0.0403,-0.0605,-0.0402,0,0,0,0,0,-0.0038,-0.0078,0,-0.0741,0,0,-0.0508,0,0,0,0,0,5.00E-04,-0.0417,-0.0076,-0.0182,0,0,0,-0.0181,0,-0.0386,0,0,-0.0149,-0.0248,0,-0.032,0,0,-0.0203,-0.0462,-0.0205,0
289,0,0,0,-0.0084,0,0,0,0,0,-0.0204,-0.0382,0,0,0,0,0,-0.0053,0,-0.049,0,0,0,0,-0.0463,-0.0434,-0.0097,-0.0345,0,0,0,0,-0.0181,0,0,0,0,0,-0.0063,-0.1058,0,-0.0047,-0.0543,-0.0837,0,0,-0.0018,-0.0433,0,-0.1152,0,0,-0.0658,-0.0497,0,-0.0044,-0.1182,0,-0.034,-0.0403,-0.0605,-0.0402,0,-0.0485,0,0,0,-0.0131,-0.0323,0,-0.12,0,0,-0.0508,-0.1912,0,0,0,0,0,-0.0417,-0.1004,-0.0784,0,0,-0.0023,-0.0181,0,-0.0386,-0.0338,0,-0.0583,-0.0248,0,-0.032,-0.1378,0,-0.0203,-0.0462,-0.0489,0
290,0,0,0,0,0,0,0,0,0,-0.0204,-0.0382,0,0,0.0567,0,0,-0.0053,0,0.0405,0,0,0,0,0,-0.0434,0,0,0,0,0,4.00E-04,0.0152,0,0,0,0,0.042,0,-0.0157,0,-0.0047,0,0,0,0,0,0,0.0123,0,0,0,-0.0658,-0.0497,0,-0.0044,0,0,0,-0.0217,-0.0076,0,0,0,0,0.0063,0,-0.0131,0,0.0377,9.00E-04,0.0041,0,0,0,0,0,0,0,0,-0.0417,0,0,0,0,0,-0.0181,0,0,0.0669,0,-0.0527,0,0,0,0,0,0,0,-0.0348,0
291,0,0,0,0,0,0,0,0,0,-0.0204,-0.0382,0,0,0.0567,0,0,-0.0053,0,0.0405,0,0,0,0,0,0,0,0,0,0,0,4.00E-04,0.0152,0,0,-0.0159,-0.0091,0.042,0,-0.0157,0,-0.0047,0,0,0,0,0,0,0.0123,0,0,0,-0.0262,-0.0105,0,-0.0044,0,0,0,-0.0217,-0.0076,0,0,0,0,0.0063,0,-0.0131,0,0,9.00E-04,0.0041,0,0,0,0,0,0,0,0,-0.0417,0,0,0,0,0,-0.0119,0,0,0.0669,0,-0.0392,0,0,0,0,0,0,0,-0.0348,0
292,0,-0.0522,0,0,0,0,0,0,0,-0.0257,-0.0382,0,0,0.0567,0,0,-0.0053,0,0,0,0,-0.0695,0,0,-0.0169,0,0,-0.0568,-0.0587,-0.1902,4.00E-04,0,0,0,-0.0493,-0.0091,0,0,-0.0157,0,-0.0804,-0.012,0,0,0,0,0,-0.0622,0,0,0,-0.0262,-0.0105,0,-0.0044,0,0,0,-0.0217,-0.0559,0,0,-0.0313,0,0.0063,0,-0.0131,0,0,0,0.0041,0,0,0,0,0,0,0,-0.0983,-0.0417,0,0,0,0,-0.0207,-0.0119,0,0,0,0,-0.0392,0,0,0,-0.0978,0,0,0,-0.0348,0
293,0,-0.0522,0,0,0.0555,0,0,0,0,-0.0257,-0.0382,0,0,0,0,0,0,0,0,0,0,-0.0695,0,0,0,0,0,-0.1249,-0.0587,-0.0229,0,0,0,0,0,0,0,0,-0.0302,0,-0.0804,-0.012,0,0,0,0,0,-0.0622,0,-0.0131,0,-0.0262,-0.0105,0,-0.0044,0,-0.0733,0,-0.0657,-0.0559,0,0,-0.1242,0,0,0,-0.0131,0,0,0,0,0,0,0,0,0,0,0,0,0,0,0,-0.0374,0,-0.0207,0,0,0,0,0,-0.0392,0,0,0,0,0,0,0,0,0
294,0,-0.0522,0,0,0,0,0,0,0,-0.0257,-0.0382,0,0.0466,0,-0.0429,0,0,0,0,0,0,-0.0762,0,0,0,0,-0.0953,-0.1249,-0.0587,-0.0588,0,0,0,0,0,0,-0.0256,0,-0.0302,0,-0.0804,-0.012,0,0,0,0,0,-0.0622,0,-0.0131,0,-0.0262,-0.0105,0,-0.0044,0,-0.0733,0,-0.0657,-0.0559,0,0,0.0162,0,0,0,-0.0575,0,0,0,0,0,-0.0722,0,0,0,0.0356,0,0,0,0,0,-0.0374,0,0.051,0,0,0,0,0,0.0076,0,0,0,0,0,0,-0.0357,0,0
295,0,-0.0522,0,0,0,-0.0306,0,-0.0653,0,-0.0257,-0.0382,-0.1599,-0.0436,0,-0.06,0,-0.0799,-0.1266,0,0,-0.1276,-0.0762,-0.0391,-0.0915,-0.0709,0,-0.0953,-0.1287,-0.0587,-0.1226,0,-0.0137,-0.0373,-0.0715,-0.1854,0,-0.2151,-0.0342,-0.0562,-0.0518,-0.0804,-0.012,-0.1251,-0.1405,0,0,0,-0.0622,0,-0.0131,0,-0.0591,-0.0942,-0.0382,-0.0044,0,-0.1496,-0.1402,-0.0657,-0.0559,0,0,-0.1936,-0.1811,0,0,-0.0858,-0.0555,-0.1443,0,0,0,-0.0722,-0.0571,-0.1628,0,0,-0.0315,-0.1881,-0.0648,0,0,-0.0375,-0.0595,0,0,-0.0192,0,0,-0.2564,0,0,0,0,0,-0.1364,-0.0279,-0.0357,-0.0107,0
296,0,0,0,0.0887,0,-0.0306,0,0,0,0,0,-0.0801,0.0438,0,0,0.1698,0,0.1611,0,0.0258,0.0911,0,0,0,0.0326,0,0,0,-0.0587,0,0.0488,-0.0137,-0.0373,-0.0179,0,0,0,-0.0342,-0.004,-0.0518,-0.0076,-0.012,0,0,0,0,0.0691,-0.0524,0,0,0.1007,-0.0591,0,-0.0382,0.0246,0,0,0.0519,-0.0018,-0.0243,0,0.0726,-0.0413,0,0,0,0,-0.0244,0.0373,0.0677,0,0,-0.0722,0,0.0365,0,0.1055,-0.0315,0.0301,-0.0061,0,0,0,0.0215,0.0193,0.0797,0.1694,0,0,0,0,0.0236,0,0,0,0,-0.0279,-0.0357,0,0
297,0,0,0,0,0,-0.0996,0,0,0,0,-0.01,-0.0801,0,0,0,-0.0136,0,0.0279,-0.0179,0,-0.0358,0,-0.0877,-0.0277,0,0,-0.0051,0,-0.0587,0,-0.0648,-0.0322,-0.0373,-0.025,0,0,0,-0.0342,-0.004,-0.0518,-0.0076,-0.012,0,0,-0.0611,0,0,-0.0524,0,-0.0216,0.0053,-0.0591,0,-0.0382,-0.0138,0,0,-0.0303,-0.0018,-0.0243,0,-0.1196,-0.0413,0,0,0,-0.0526,-0.0244,0,-0.0673,0,0,-0.0722,-0.0379,0.0145,-0.0827,0,-0.0315,0,-0.0837,0,0,0,0,0.0124,0,0.1131,-0.0915,0,0,0,0.0236,0,0,0,0,-0.0279,-0.0357,0,-0.0024
298,0,-0.0188,0,-0.044,-0.0602,-0.0996,0,-0.1369,-0.1048,0,-0.01,-0.0801,0,0,0,-0.0136,-0.0369,-0.0568,-0.0454,-0.0983,-0.0358,0,-0.0886,-0.0287,0,-0.1868,-0.0051,0,-0.0587,0,-0.2181,-0.0322,-0.0373,-0.025,-0.1599,0,0,-0.0696,-0.004,-0.0518,-0.09,-0.012,0,-0.0946,-0.0611,0,-0.038,-0.0524,0,-0.0598,-0.0286,-0.089,0,-0.0382,-0.0138,-0.0654,0,-0.0303,-0.0388,-0.0243,0,-0.122,-0.0413,-0.0853,0,0,-0.0916,-0.0244,-0.0507,-0.0673,-0.0921,0,-0.1044,-0.0379,-0.1049,-0.0827,0,-0.0315,0,-0.2759,-0.0068,0,0,0,0,0,-0.0914,-0.0915,0,-0.0022,-0.0654,-0.0466,0,0,0,0,-0.0324,-0.0357,0,-0.2228
299,0,-0.0188,-0.0185,-0.1125,-0.0602,-0.1014,0,-0.1369,-0.1048,0,-0.01,-0.0801,-0.0276,0,0,-0.0136,-0.0369,-0.0247,-0.0454,-0.0983,-0.1443,0,-0.0886,-0.0287,0,-0.1868,-0.0051,0,-0.0587,0,-0.2014,-0.0322,-0.0097,-0.025,-0.1599,-0.0191,-0.0192,-0.0696,-0.004,-0.0518,-0.0947,0,0,-0.1515,-0.0611,-0.0044,-0.038,-0.0524,0,-0.0598,-0.0286,-0.089,0,-0.0382,-0.0138,-0.0562,0,0,-0.0388,-0.0243,0,-0.072,-0.0413,-0.0853,0,0,-0.0916,-0.0985,-0.0507,-0.0673,-0.0921,-0.0339,-0.1044,0,-0.1049,-0.0439,0,-0.0315,0,-0.2759,-0.0068,-0.0769,0,0,0,0,-0.0914,-0.0915,0,-0.0945,-0.0654,-0.0466,0,0,0,0,-0.0324,-0.0357,0,-0.2228
300,0,-0.0188,-0.0185,-0.1228,-0.1013,-0.1014,0,-0.1369,-0.1048,-0.1398,-0.01,-0.0801,-0.0536,0,0,-0.1482,-0.0369,-0.066,-0.0454,-0.0983,-0.1443,0,-0.0886,-0.0287,0,-0.1868,-0.0051,0,-0.0587,-0.0645,-0.1163,-0.0248,-0.0097,-0.025,-0.1599,-0.0191,-0.1116,-0.0696,0,-0.0518,-0.0947,0,0,-0.3012,-0.0611,-0.0044,-0.038,-0.0524,0,-0.0598,-0.0286,-0.089,0,-0.0382,-0.0138,-0.0562,0,0,-0.0388,-0.0243,0,-0.219,-0.0413,-0.0853,0,0,-0.0916,-0.1654,-0.0792,-0.0673,-0.0921,-0.0339,-0.1044,0,-0.1179,-0.0439,0,-0.0315,-0.0129,-0.2759,-0.0068,-0.0769,0,0,-0.0298,-0.127,-0.1453,-0.0915,-0.1495,-0.0945,-0.0747,-0.0466,0,-0.1935,-0.0708,-0.0789,-0.0324,-0.0357,-0.0383,-0.2228
301,0,-0.0188,-0.0163,0.0458,-0.0256,-0.0592,0,-0.071,-0.1048,-0.1058,-0.01,-0.0801,0,0,0,-0.122,-0.0369,0,-0.0075,0,0,0,-0.0886,0.0019,0,-0.0445,0,0,-0.0587,0.0098,-0.0413,-0.0248,-0.0097,-0.025,-0.1599,-0.0191,0,-0.0696,0,-0.0518,-0.0947,0,0,-0.2003,-0.0611,-0.0044,-0.024,-0.0524,0,-0.0598,-0.0286,0,0,-0.0382,0,-0.0562,0,0,-0.0388,0,0,-0.0172,0,-0.0853,0,0,-0.0586,-0.1654,-0.0151,0,-0.0921,-0.0339,-0.0821,0,-0.1179,0,0.0064,-0.0108,-0.0129,-0.0867,-0.0068,-0.0769,0.03,0,0,0,-0.1453,-0.0915,-0.1495,-0.0945,-0.0747,-0.0466,0,0,-0.0663,-0.0687,-0.0324,-0.0357,0,-0.0058
302,0.0345,0,0,0.0458,0.021,0,0.0526,0,-0.0535,0.0165,0,0.0214,0.0522,0,0,0.0979,0,0.0524,0,0.0602,0.0152,0,0.0225,0.022,0,0.1965,0,0.0063,-0.0071,0.0218,0,0,-0.0097,0,0,0.0105,0,0,0.0692,0,0,0,0.0122,0,0,0.002,0,0.0024,0,0,0,0,0,0.0429,0,-0.0562,4.00E-04,0,-0.0314,0,0,0.0446,0,0,0,0.0937,-0.0586,0,0,0.0253,0,0.0089,0,0.0674,0.13,0,0.0803,0.0307,0,0,0,0,0.0466,0,0.2038,0.0447,0.2016,0,0,0,0,0,0,0,0,0.0846,0,0,0,0
303,0.0345,0,0,0,0,0,0,0,-0.0535,0,0,0.0214,0,0,0,0,0,0,0,0,0,0,0.0085,0,0,0,0,0.0063,-0.0071,0.0218,0,0,-0.0097,0,0,0,0,0,0.0328,0,0,0,0.0122,0,0,0,0,0,0,0,0,0,0,0.0429,0,0,4.00E-04,0,-0.0314,0,0,0,0,0,0,0,-0.0586,0,0,0,0,0,0,0,0,0,0,0.0307,0,0,0,0,0.0466,0,0,0,0,0,0,0,0,0,0,0,0,0,0,0,0,0
304,0.0345,0,0,0,0,0,0,0,0,0,0.0864,0.0214,0,0,0,0,0,0,0,0,0.03,0,0.0085,0,0,0,0,0.0248,0.0097,0.0031,0,0,0,0.0402,0.0575,0,0,0,0.0328,0,0,0,0.0201,0,0,0,0,0,0,0,0,0,0,0.0429,0,0,0.0151,0,-0.0314,0,0,0,0,0.0056,0,0,0,0,0,0,0,0.1023,0,0,0,0,0,0.0307,0.0188,0,0,0,0.0466,0,0,0,0.0787,0,0,0,0,0,0,0,0,0,0,0,0,0
305,0.0345,0,0,0,0,0,0,-0.0315,0,0,0.0864,0,0,0,0,0,0,0,0,0,0.03,0,0.0085,0,0,0,0,0.0248,0.0097,0.0031,-0.0084,0,0,0.0402,0.0575,0,0,0,0.0328,0,0,0,0,0,0,0,0,0,0,0,0,0,0,0.0429,0,0,0.0151,0,-0.0314,0,0,0,0,0.0056,0,-0.2107,0,0,0,0,0,0.0282,0,0,0,0,0,0.0307,0.0188,0,0,0,0.0466,0,0,0,0,0,0,0,-0.0977,0,0,0,0,0,0,0,0,0
306,0.0345,0,0,0,0.0238,0,0,0,0,0.0301,0.0864,0,0,0,0,0,0,0,0,0.0215,0.03,0,0.0085,0,0,0,0,0.0248,0.0733,0.009,-0.0725,0,0,0.0402,0.093,0,0,0,0.0328,0,0,0,0,0,0,0,0,0,0,0,0,0,0,0.0429,0,0.0959,0.0151,0,0,0,0,0.0398,0.0191,0.0056,0,-0.0129,0,0,0,0,0,0,0,0,0,0,0,0.0307,0.0188,0,0,0,0.0466,0,0,0,0,0,0,0,0,0,0,0.0275,0,0,0,0,0,0
307,0.0345,0,0,0,0.0506,0,0,0,0,0.0301,0.0864,0,0,0,0,0,0,0,0,0.0271,0.03,0,0,0,0,0,0,0.0248,0.0733,0.009,-0.0273,0,0,0.0083,0.093,0.015,0,0,0.0328,0,0,0,0,0,0,0,0,0,0,0,0,0,0.0272,0.0429,0.1105,0.0959,0.0151,0,0.0112,0,0,0.0634,0.0191,0.0056,0,0,0,0,0.0145,0,0,0,0,0,0,0,0,0.0307,0.0188,0,0,0,0.0466,0,0,0,0,0.0367,0,0.046,0,0,0,0.0275,0,0,0,0.0641,0,0
308,0.0345,0,0,0,0.0506,0,0,0,0,-0.0349,0.0864,0,0,0,0.001,0,0,0.0482,0,0.0271,0.044,0,0,0,0,0,0,0.0248,0.0733,0.009,-0.0806,0,0,0.0083,0,0.015,0,0,0.0328,0,0,0,0.0104,0.109,0,0,0,0,0,0,0,0,0.0272,0.0429,0.1105,0.0319,0.0151,0,0.0112,0,0,0.0634,0.0783,0.0056,0,0,0,0.0259,0.0145,-0.0201,0,0.018,0,0,0,0,-0.0097,0.0307,0.0188,0,0,0,0.0673,0,0,0.0056,0,0.192,0,0.0568,0,0,0,0.0821,0,0,0,0.0641,0,0
309,-0.058,-0.0395,-0.1202,-0.2492,-0.3272,-0.0366,-0.0769,-0.1849,-0.3458,-0.0557,-0.0106,-0.0544,0,-0.2243,-0.0988,-0.2108,-0.2028,-0.0093,-0.1402,-0.0306,-0.1548,-0.1907,-0.0702,0,0,-0.3394,-0.0837,-0.0206,-0.0672,-0.0892,-0.3079,-0.345,-0.2396,0,-0.103,-0.1276,-0.102,0,0,-0.084,0,0,-0.0925,-0.0612,-0.3145,-0.231,-0.0548,-0.1497,-0.1146,-0.2994,0,-0.0343,-0.0589,-0.0244,-0.085,0,-0.0757,-0.0541,-0.0624,-0.0242,-0.012,-0.2167,-0.036,-0.095,-0.1918,-0.0428,-0.1484,-0.0699,-0.1373,-0.1575,-0.271,0,0,0,0,-0.2141,-0.0137,-0.0846,-0.0351,-0.082,-0.0617,-0.1169,-0.0044,-0.2158,0,-0.2476,-0.2668,0,-0.0785,-0.0694,-0.5761,-0.1766,-0.5162,-0.1764,-0.0111,-0.0427,-0.1253,-0.0953,-0.0217,0
